date,KOSPI,KOSPI_rebased,NASDAQ,NASDAQ_rebased,fed_net_liquidity,sofr_iorb_spread,DXY,DXY_rebased,EEM,EEM_rebased,DTWEXBGS,foreign_netbuy,foreign_netbuy_cumsum,VIX,VKOSPI,VKOSPI_rebased,is_kr_trading_day,is_us_trading_day,is_kr_flat,is_us_flat,WALCL,RRPONTSYD,WTREGEN,SOFR,IORB,DGS10,BAMLH0A0HYM2,KS11_Close,KS11_Volume,KQ11_Close,KQ11_Volume,IXIC_Close,IXIC_Volume,GSPC_Close,GSPC_Volume,VIX_Close,VIX_Volume,DXY_Close,DXY_Volume,EEM_Close,EEM_Volume,000660_KS_Close,000660_KS_Volume,7709_HK_Close,7709_HK_Volume,LS_KOSPI_Close,LS_KOSPI_Volume,LS_KOSDAQ_Close,LS_KOSDAQ_Volume,VKOSPI_Open,VKOSPI_High,VKOSPI_Low,foreign_netbuy_qty,inst_netbuy,kospi_jisu,KS11_Close_rebased,KQ11_Close_rebased,IXIC_Close_rebased,GSPC_Close_rebased,VIX_Close_rebased,DXY_Close_rebased,EEM_Close_rebased,000660_KS_Close_rebased,7709_HK_Close_rebased,LS_KOSPI_Close_rebased,LS_KOSDAQ_Close_rebased,VIX_rebased
2025-08-01,3119.409912109375,100.0,20650.130859375,100.0,,-0.0600000000000005,98.69000244140624,100.0,47.27424240112305,100.0,121.2122,-6524.0,-6524.0,20.3799991607666,25.87,100.0,True,True,False,False,,97.426,,4.34,4.4,4.23,3.13,3119.409912109375,507800.0,772.7899780273438,800.0,20650.130859375,9667420000.0,6238.009765625,5827150000.0,20.3799991607666,0.0,98.69000244140624,0.0,47.27424240112305,27234300.0,256926.359375,3227394.0,,,3119.41,507776.0,772.79,835015.0,23.07,26.21,22.94,-12057.0,-10720.0,3119.41,100.0,100.0,100.0,100.0,100.0,100.0,100.0,100.0,,100.0,100.0,100.0
2025-08-04,3147.75,100.90850797712125,21053.580078125,101.95373686248016,,-0.07000000000000028,98.77999877929688,100.09119093693819,47.7646369934082,101.03733992842052,120.9859,830.0,-5694.0,17.520000457763672,24.05,92.96482412060301,True,True,False,False,,125.73,,4.33,4.4,4.22,3.02,3147.75,293500.0,784.0599975585938,700.0,21053.580078125,7355970000.0,6329.93994140625,4842580000.0,17.520000457763672,0.0,98.77999877929688,0.0,47.7646369934082,32920400.0,256926.359375,2281558.0,,,3147.75,293454.0,784.06,705683.0,26.05,26.19,23.95,13636.0,1316.0,3147.75,100.90850797712125,101.45835477318408,101.95373686248016,101.4737100330916,85.96663974104231,100.09119093693819,101.03733992842052,100.0,,100.90850513398368,101.45835220435046,85.96663974104231
2025-08-05,3198.0,102.51938956741601,20916.55078125,101.29016093742595,,-0.0600000000000005,98.77999877929688,100.09119093693819,47.901947021484375,101.32779414006308,120.9082,2919.0,-2775.0,17.850000381469727,22.31,86.2388867413993,True,True,False,False,,84.356,,4.34,4.4,4.22,2.98,3198.0,273400.0,798.5999755859375,700.0,20916.55078125,7982940000.0,6299.18994140625,5517410000.0,17.850000381469727,0.0,98.77999877929688,0.0,47.901947021484375,18709100.0,262403.5,2118171.0,,,3198.0,273440.0,798.6,689089.0,23.26,23.51,22.3,3172.0,947.0,3198.0,102.51938956741601,103.33984630914566,101.29016093742595,100.9807643476031,87.58587397703451,100.09119093693819,101.32779414006308,102.13179396552525,,102.5193866788912,103.33984653010522,87.58587397703451
2025-08-06,3198.139892578125,102.52387415206718,21169.419921875,102.51470107398495,6127834.0,-0.0600000000000005,98.18000030517578,99.48322816535216,48.12752914428711,101.80497179822345,120.5082,2804.0,29.0,16.770000457763672,21.93,84.77000386548124,True,True,False,False,6640843.0,91.966,421043.0,4.34,4.4,4.22,2.98,3198.139892578125,327400.0,803.489990234375,700.0,21169.419921875,8580020000.0,6345.06005859375,5408560000.0,16.770000457763672,0.0,98.18000030517578,0.0,48.12752914428711,17094000.0,257424.296875,1374559.0,,,3198.14,327358.0,803.49,696605.0,22.72,23.0,21.83,13268.0,-4020.0,3198.14,102.52387415206718,103.97262038586439,102.51470107398495,101.71609691216995,82.28656108115787,99.48322816535216,101.80497179822345,100.19380553292052,,102.52387470707602,103.97261869330607,82.28656108115787
2025-08-07,3227.679931640625,103.47084937798499,21242.69921875,102.86956224834758,6141839.0,-0.05000000000000071,98.4000015258789,99.70614965208911,48.5296516418457,102.65558828012615,120.5043,-171.0,-142.0,16.56999969482422,21.08,81.48434480092772,True,True,False,False,6640843.0,77.961,421043.0,4.35,4.4,4.23,2.95,3227.679931640625,327000.0,805.8099975585938,800.0,21242.69921875,8979190000.0,6340.0,5306090000.0,16.56999969482422,0.0,98.4000015258789,0.0,48.5296516418457,23378900.0,260909.734375,2724438.0,,,3227.68,327048.0,805.81,765440.0,21.59,21.81,21.07,2796.0,1092.0,3227.68,103.47084937798499,104.27283226621782,102.86956224834758,101.63498035762983,81.30520302828576,99.70614965208911,102.65558828012615,101.55039561129111,,103.47084865407241,104.27282961736046,81.30520302828576
2025-08-08,3210.010009765625,102.90439859489275,21450.01953125,103.87352834382575,6139497.0,-0.05000000000000071,98.18000030517578,99.48322816535216,48.490421295166016,102.57260366802636,120.3329,-1576.0,-1718.0,15.149999618530272,20.79,80.36335523772709,True,True,False,False,6640843.0,80.303,421043.0,4.35,4.4,4.27,2.94,3210.010009765625,341400.0,809.27001953125,800.0,21450.01953125,8669200000.0,6389.4501953125,4769910000.0,15.149999618530272,0.0,98.18000030517578,0.0,48.490421295166016,16926700.0,255432.609375,2676174.0,,,3210.01,341443.0,809.27,848043.0,21.12,21.22,20.49,5462.0,-1318.0,3210.01,102.90439859489275,104.72056348311176,103.87352834382575,102.42770427391798,74.33758705788091,99.48322816535216,102.57260366802636,99.41860772727496,,102.90439538246017,104.72055797823472,74.33758705788091
2025-08-11,3206.77001953125,102.80053310989197,21385.400390625,103.56060470636773,6137586.0,-0.0600000000000005,98.5199966430664,99.82773756800668,48.35311126708984,102.2821494563838,120.6892,2169.0,451.0,16.25,20.34,78.62388867413993,True,True,False,False,6640843.0,82.214,421043.0,4.34,4.4,4.27,2.94,3206.77001953125,305000.0,811.8499755859375,900.0,21385.400390625,9099730000.0,6373.4501953125,4652400000.0,16.25,0.0,98.5199966430664,0.0,48.35311126708984,15176100.0,265888.90625,2415473.0,,,3206.77,304968.0,811.85,928260.0,20.72,21.08,20.15,4134.0,-2160.0,3206.77,102.80053310989197,105.0544130577754,103.56060470636773,102.17121220992398,79.73503763082957,99.82773756800668,102.2821494563838,103.48837188087758,,102.80052958732581,105.05441322998487,79.73503763082957
2025-08-12,3189.909912109375,102.26004282817473,21681.900390625,104.99643095860375,6162308.0,-0.040000000000000036,98.0999984741211,99.40216440096307,48.94158935546875,103.52696705364039,120.2736,-604.0,-153.0,14.729999542236328,21.15,81.75492848859682,True,True,False,False,6640843.0,57.492,421043.0,4.36,4.4,4.29,2.93,3189.909912109375,373200.0,807.1900024414062,1100.0,21681.900390625,8382820000.0,6445.759765625,5135300000.0,14.729999542236328,0.0,98.0999984741211,0.0,48.94158935546875,22908400.0,267880.59375,3008648.0,,,3189.91,373217.0,807.19,1106880.0,20.37,21.18,20.07,1621.0,-981.0,3189.91,102.26004282817473,104.45140664244552,104.99643095860375,103.33038914342234,72.27674263398868,99.40216440096307,103.52696705364039,104.26356968652313,,102.26004276449714,104.45140335666872,72.27674263398868
2025-08-13,3224.3701171875,103.36474551390876,21713.140625,105.14771442788413,6082109.0,-0.07000000000000028,97.83999633789062,99.13871103203157,49.53006362915039,104.77177658160369,120.13,6349.0,6196.0,14.489999771118164,20.11,77.73482798608427,True,True,False,False,6643615.0,57.202,504304.0,4.33,4.4,4.24,2.9,3224.3701171875,320100.0,814.0999755859375,1000.0,21713.140625,8763080000.0,6466.580078125,5195950000.0,14.489999771118164,0.0,97.83999633789062,0.0,49.53006362915039,28585500.0,276843.15625,3472694.0,,,3224.37,320070.0,814.1,979563.0,20.11,20.49,20.03,6301.0,-809.0,3224.37,103.36474551390876,105.34556590188235,105.14771442788413,103.66415445130517,71.09911858589653,99.13871103203157,104.77177658160369,107.75194764890985,,103.36473884484568,105.34556606581349,71.09911858589653
2025-08-14,3225.659912109375,103.40609291480236,21710.669921875,105.13574983966032,6110493.0,-0.0600000000000005,98.25,99.55415702652608,48.921974182128906,103.48547474759049,120.6446,-779.0,5417.0,14.829999923706056,20.46,79.08774642442984,True,True,False,False,6643615.0,28.818,504304.0,4.34,4.4,4.29,2.89,3225.659912109375,441500.0,815.260009765625,900.0,21710.669921875,9110860000.0,6468.5400390625,4462050000.0,14.829999923706056,0.0,98.25,0.0,48.921974182128906,28016600.0,275349.40625,2101050.0,,,3225.66,441468.0,815.26,912584.0,19.98,20.56,19.98,4609.0,197.0,3225.66,103.40609291480236,105.49567579107224,105.13574983966032,103.69557410294313,72.76742166042473,99.55415702652608,103.48547474759049,107.17055537618482,,103.40609281883432,105.4956715278407,72.76742166042473
2025-08-15,,,21622.98046875,104.71110626852678,6105554.0,-0.040000000000000036,97.8499984741211,99.14884593524673,48.98081970214844,103.60995166574018,120.3377,,5417.0,15.09000015258789,,,False,True,False,False,6643615.0,33.757,504304.0,4.36,4.4,4.33,2.88,,,,,21622.98046875,8158830000.0,6449.7998046875,4575060000.0,15.09000015258789,0.0,97.8499984741211,0.0,48.98081970214844,24042600.0,,,,,,,,,,,,,,,,,104.71110626852678,103.39515401578214,74.04318338558889,99.14884593524673,103.60995166574018,,,,,74.04318338558889
2025-08-18,3177.280029296875,101.85516231652825,21629.76953125,104.74398287616783,6101071.0,-0.0600000000000005,98.16999816894533,99.47309326213703,49.26525115966797,104.21161431134351,120.5622,-4881.0,536.0,14.989999771118164,21.37,82.60533436412834,True,True,False,False,6643615.0,38.24,504304.0,4.34,4.4,4.34,2.88,3177.280029296875,326100.0,798.0499877929688,800.0,21629.76953125,8260970000.0,6449.14990234375,4162290000.0,14.989999771118164,0.0,98.16999816894533,0.0,49.26525115966797,19212500.0,266386.875,1993220.0,,,3177.28,326133.0,798.05,764723.0,21.44,21.79,21.27,-2121.0,813.0,3177.28,101.85516231652825,103.2686771935248,104.74398287616783,103.3847355911857,73.55250435915282,99.47309326213703,104.21161431134351,103.68218957681637,,101.8551585075383,103.26867583690264,73.55250435915282
2025-08-19,3151.56005859375,101.030648340238,21314.94921875,103.21943896579802,6116967.0,-0.07000000000000028,98.2699966430664,99.57441910229034,48.86312484741211,103.36098976014752,120.7224,-4544.0,-4008.0,15.56999969482422,21.5,83.1078469269424,True,True,False,False,6643615.0,22.344,504304.0,4.33,4.4,4.3,2.9,3151.56005859375,285300.0,787.9600219726562,900.0,21314.94921875,8461660000.0,6411.3701171875,4377440000.0,15.56999969482422,0.0,98.2699966430664,0.0,48.86312484741211,17226800.0,261905.5625,1709646.0,,,3151.56,285291.0,787.96,866728.0,21.15,21.69,21.01,-1526.0,2539.0,3151.56,101.030648340238,101.96302286218,103.21943896579802,102.77909714918714,76.39843148177317,99.57441910229034,103.36098976014752,101.93798843260475,,101.03064361529906,101.96301711978674,76.39843148177317
2025-08-20,3130.090087890625,100.34237808053985,21172.859375,102.53135691577317,6063882.0,-0.09000000000000075,98.22000122070312,99.5237600475467,48.794471740722656,103.21576668897288,120.7757,-2185.0,-6193.0,15.6899995803833,22.13,85.54310011596444,True,True,False,False,6618415.0,34.999,519534.0,4.31,4.4,4.29,2.94,3130.090087890625,335300.0,777.6099853515625,900.0,21172.859375,7810310000.0,6395.77978515625,4470390000.0,15.6899995803833,0.0,98.22000122070312,0.0,48.794471740722656,20299200.0,254436.78125,3571545.0,,,3130.09,335285.0,777.61,877724.0,22.04,23.53,21.91,-3079.0,5024.0,3130.09,100.34237808053985,100.62371504047225,102.53135691577317,102.52917237162168,76.98724350581924,99.5237600475467,103.21576668897288,99.03101490596133,,100.34237243581319,100.6237140749751,76.98724350581924
2025-08-21,3141.739990234375,100.71584302012748,21100.310546875,102.18003309792887,6073523.0,-0.08000000000000007,98.62000274658205,99.9290711388261,48.68658447265625,102.98755093640517,121.0843,-152.0,-6345.0,16.600000381469727,21.38,82.64398917665248,True,True,False,False,6618415.0,25.358,519534.0,4.32,4.4,4.33,2.95,3141.739990234375,276900.0,777.239990234375,900.0,21100.310546875,6530580000.0,6370.169921875,4013560000.0,16.600000381469727,0.0,98.62000274658205,0.0,48.68658447265625,14428500.0,243980.46875,6301130.0,,,3141.74,276915.0,777.24,894577.0,21.97,22.01,21.07,6594.0,1598.0,3141.74,100.71584302012748,100.57583720461678,102.18003309792887,102.1186269533959,81.45240954389378,99.9290711388261,102.98755093640517,94.96124467084957,,100.7158404954783,100.57583560863883,81.45240954389378
2025-08-22,3168.72998046875,101.58107045079,21496.5390625,104.09880309664352,6062606.0,-0.040000000000000036,97.72000122070312,99.017123116114,49.65756988525391,105.04149270951457,120.2774,1826.0,-4519.0,14.220000267028809,21.09,81.52299961345187,True,True,False,False,6618415.0,36.275,519534.0,4.36,4.4,4.26,2.88,3168.72998046875,236800.0,782.510009765625,800.0,21496.5390625,9401300000.0,6466.91015625,5046860000.0,14.220000267028809,0.0,97.72000122070312,0.0,49.65756988525391,31264200.0,249955.5,3064062.0,,,3168.73,236797.0,782.51,833027.0,21.45,21.63,21.02,724.0,1556.0,3168.73,101.58107045079,101.25778439351569,104.09880309664352,103.6694458525277,69.77429270165837,99.017123116114,105.04149270951457,97.28682592476797,,101.5810682148227,101.25778025077965,69.77429270165837
2025-08-25,3209.860107421875,102.89959312373078,21449.2890625,103.86999098730743,6051314.0,-0.03000000000000025,98.43000030517578,99.7365466310685,49.373138427734375,104.43983006391122,120.4214,1224.0,-3295.0,14.789999961853027,20.1,77.69617317356011,True,True,False,False,6618415.0,47.567,519534.0,4.37,4.4,4.28,2.8,3209.860107421875,220200.0,798.02001953125,800.0,21449.2890625,8443200000.0,6439.31982421875,4059070000.0,14.789999961853027,0.0,98.43000030517578,0.0,49.373138427734375,23701400.0,258420.125,3183709.0,,,3209.86,220165.0,798.02,770618.0,21.19,21.19,20.04,3361.0,1543.0,3209.86,102.89959312373078,103.26479926257707,103.86999098730743,103.22715202696673,72.5711509857427,99.7365466310685,104.43983006391122,100.58139835423417,,102.89958678083357,103.26479379909162,72.5711509857427
2025-08-26,3179.360107421875,101.92184409877576,21544.26953125,104.3299419164168,6070307.0,-0.020000000000000462,98.2300033569336,99.53389495076186,49.245635986328125,104.1701220052936,120.5274,-6836.0,-10131.0,14.619999885559082,20.37,78.7398531117124,True,True,False,False,6618415.0,28.574,519534.0,4.38,4.4,4.26,2.78,3179.360107421875,325400.0,801.6599731445312,800.0,21544.26953125,9087930000.0,6465.93994140625,4867680000.0,14.619999885559082,0.0,98.2300033569336,0.0,49.245635986328125,25684000.0,260411.8125,2050625.0,,,3179.36,325353.0,801.66,784245.0,20.27,20.78,20.21,-18153.0,-2657.0,3179.36,101.92184409877576,103.73581386121005,104.3299419164168,103.65389257704076,71.73699944847861,99.53389495076186,104.1701220052936,101.35659615987971,,101.92183778342701,103.73581438683213,71.73699944847861
2025-08-27,3187.159912109375,102.17188512920339,21590.140625,104.55207655596159,5978642.0,-0.040000000000000036,98.2300033569336,99.53389495076186,48.95139694213867,103.54771320666534,120.7274,-2023.0,-12154.0,14.850000381469728,19.97,77.19366061074602,True,True,False,False,6603384.0,34.744,589998.0,4.36,4.4,4.24,2.78,3187.159912109375,281700.0,801.719970703125,700.0,21590.140625,8040510000.0,6481.39990234375,4143680000.0,14.850000381469728,0.0,98.2300033569336,0.0,48.95139694213867,31452900.0,258918.046875,2801594.0,,,3187.16,281721.0,801.72,729017.0,20.44,20.56,19.83,-7670.0,277.0,3187.16,102.17188512920339,103.74357762113185,104.55207655596159,103.90172740767365,72.86555933749675,99.53389495076186,103.54771320666534,100.77519780564555,,102.17188506800964,103.74357846245424,72.86555933749675
2025-08-28,3196.320068359375,102.46553541910086,21705.16015625,105.10906833501264,5981420.0,-0.0600000000000005,97.80999755859376,99.1083140530522,49.13774490356445,103.94189818343263,120.2595,-241.0,-12395.0,14.43000030517578,19.31,74.64244298415151,True,True,False,False,6603384.0,31.966,589998.0,4.34,4.4,4.22,2.75,3196.320068359375,312200.0,798.4299926757812,800.0,21705.16015625,7807080000.0,6501.85986328125,4283760000.0,14.43000030517578,0.0,97.80999755859376,0.0,49.13774490356445,21353800.0,267768.875,3836024.0,,,3196.32,312188.0,798.43,787081.0,20.14,20.16,19.23,-594.0,3264.0,3196.32,102.46553541910086,103.31785030570495,105.10906833501264,104.22971600830468,70.80471491360449,99.1083140530522,103.94189818343263,104.22008689625133,,102.46553034067341,103.31784831584258,70.80471491360449
2025-08-29,3186.010009765625,102.13502231296093,21455.55078125,103.90031388837104,5935488.0,-0.0600000000000005,97.7699966430664,99.06778217085763,48.90235900878906,103.44398244154058,120.2082,-3724.0,-16119.0,15.359999656677246,19.52,75.45419404715886,True,True,False,False,6603384.0,77.898,589998.0,4.34,4.4,4.23,2.82,3186.010009765625,245100.0,796.9099731445312,900.0,21455.55078125,7715430000.0,6460.259765625,4234840000.0,15.359999656677246,0.0,97.7699966430664,0.0,48.90235900878906,24867400.0,268267.5,1892127.0,,,3186.01,245132.0,796.91,855306.0,19.29,19.52,19.13,-13955.0,648.0,3186.01,102.13502231296093,103.12115785698428,103.90031388837104,103.5628350764169,75.36800926982704,99.06778217085763,103.44398244154058,104.41416001557353,,102.13501912220582,103.12115840008282,75.36800926982704
2025-09-01,3142.929931640625,100.75398938241322,,,5935488.0,-0.0600000000000005,,,,,120.2082,-2720.0,-18839.0,,20.4,78.85581754928488,True,False,False,False,6603384.0,77.898,589998.0,4.34,4.4,4.23,2.84,3142.929931640625,260100.0,785.0,1100.0,,,,,,,,,,,255302.921875,1837054.0,,,3142.93,260138.0,785.0,1093853.0,20.32,20.71,19.44,-5817.0,-1940.0,3142.93,100.75398938241322,101.5799922773098,,,,,,99.36813120150491,,100.75398873504926,101.57998938909665,
2025-09-02,3172.35009765625,101.6971217967015,21279.630859375,103.04840683231899,5992320.0,-0.010000000000000675,98.4000015258789,99.70614965208911,48.86312484741211,103.36098976014752,120.6837,4010.0,-14829.0,17.170000076293945,19.57,75.64746810977967,True,True,False,False,6603384.0,21.066,589998.0,4.39,4.4,4.28,2.92,3172.35009765625,310700.0,794.0,1000.0,21279.630859375,8183410000.0,6415.5400390625,4784000000.0,17.170000076293945,0.0,98.4000015258789,0.0,48.86312484741211,24343900.0,259790.671875,1584710.0,,,3172.35,310678.0,794.0,1039047.0,20.45,20.45,19.43,-596.0,-1416.0,3172.35,101.6971217967015,102.74460365373757,103.04840683231899,102.84594414096293,84.24926782797812,99.70614965208911,103.36098976014752,101.11483792747764,,101.69711580074437,102.74460073241114,84.24926782797812
2025-09-03,3184.419921875,102.08404831674285,21497.73046875,104.10457258187395,5986635.0,-0.010000000000000675,98.13999938964844,99.44269628315762,49.04947280883789,103.75517473691482,120.5052,4359.0,-10470.0,16.350000381469727,19.74,76.30459992269036,True,True,False,False,6602071.0,17.923,597513.0,4.39,4.4,4.22,2.88,3184.419921875,335800.0,796.8099975585938,1200.0,21497.73046875,7488290000.0,6448.259765625,4465360000.0,16.350000381469727,0.0,98.13999938964844,0.0,49.04947280883789,29035600.0,261785.21875,2437896.0,,,3184.42,335816.0,796.81,1189074.0,19.9,20.13,19.49,5133.0,-3756.0,3184.42,102.08404831674285,103.10822088979008,104.10457258187395,103.37046602842139,80.22571665726562,99.44269628315762,103.75517473691482,101.89114864929378,,102.08404794496396,103.108218274046,80.22571665726562
2025-09-04,3200.830078125,102.61011435847391,21707.689453125,105.1213166684117,5984430.0,0.009999999999999787,98.3499984741211,99.65548286667942,48.89254760742188,103.42322821922238,120.7629,2025.0,-8445.0,15.300000190734863,19.26,74.44916892153073,True,True,False,False,6602071.0,20.128,597513.0,4.41,4.4,4.17,2.84,3200.830078125,286300.0,805.4199829101562,1300.0,21707.689453125,7282150000.0,6502.080078125,4670770000.0,15.300000190734863,0.0,98.3499984741211,0.0,48.89254760742188,14791900.0,264777.0625,2189959.0,,,3200.83,286256.0,805.42,1252331.0,19.58,19.59,19.12,7920.0,-232.0,3200.83,102.61011435847391,104.22236387771295,105.1213166684117,104.23324621829191,75.073605597535,99.65548286667942,103.42322821922238,103.05562385428169,,102.61010896291288,104.22236312581686,75.073605597535
2025-09-05,3205.1201171875,102.74764162110925,21700.390625,105.08597147774582,5983561.0,0.019999999999999574,97.7699966430664,99.06778217085763,49.48102569580078,104.66804581647892,120.1282,-1374.0,-9819.0,15.18000030517578,18.43,71.24081948202551,True,True,False,False,6602071.0,20.997,597513.0,4.42,4.4,4.1,2.83,3205.1201171875,323800.0,811.4000244140625,1000.0,21700.390625,8413730000.0,6481.5,5066120000.0,15.18000030517578,0.0,97.7699966430664,0.0,49.48102569580078,24805800.0,272755.25,3103427.0,,,3205.12,323845.0,811.4,1013622.0,18.7,18.8,18.41,-5133.0,1124.0,3205.12,102.74764162110925,104.99618880737512,105.08597147774582,103.90333204857694,74.48479357348893,99.06778217085763,104.66804581647892,106.16086674154626,,102.74763496943334,104.99618266281914,74.48479357348893
2025-09-08,3219.590087890625,103.21151046524395,21798.69921875,105.56203913281044,5985142.0,0.0,97.4499969482422,98.74353484396737,49.93218994140625,105.62240113279967,120.0971,2301.0,-7518.0,15.109999656677246,18.36,70.9702357943564,True,True,False,False,6602071.0,19.416,597513.0,4.4,4.4,4.05,2.84,3219.590087890625,372300.0,818.5999755859375,900.0,21798.69921875,8435850000.0,6495.14990234375,5211500000.0,15.109999656677246,0.0,97.4499969482422,0.0,49.93218994140625,23345100.0,276245.75,2018299.0,,,3219.59,372300.0,818.6,886186.0,18.71,18.79,18.33,7896.0,778.0,3219.59,103.21151046524395,105.92787159009622,105.56203913281044,104.12215027516851,74.1413163831989,98.74353484396737,105.62240113279967,107.51942722887462,,103.21150473967835,105.92787173747074,74.1413163831989
2025-09-09,3260.050048828125,104.50854939496065,21879.490234375,105.95327643864243,5981643.0,0.0,97.79000091552734,99.08805197728793,50.206809997558594,106.20330955608478,120.1569,6808.0,-710.0,15.039999961853027,18.7,72.28449942017781,True,True,False,False,6602071.0,22.915,597513.0,4.4,4.4,4.08,2.87,3260.050048828125,439900.0,824.8200073242188,1300.0,21879.490234375,7877410000.0,6512.60986328125,4798350000.0,15.039999961853027,0.0,97.79000091552734,0.0,50.206809997558594,23818600.0,287215.8125,4158342.0,,,3260.05,439946.0,824.82,1282471.0,18.25,18.84,18.03,2443.0,2806.0,3260.05,104.50854939496065,106.73275155944557,105.95327643864243,104.40204661380066,73.79784387237086,99.08805197728793,106.20330955608478,111.78915748414535,,104.50854488509047,106.7327475769614,73.79784387237086
2025-09-10,3314.530029296875,106.25503292882587,21886.060546875,105.98509373096248,5904288.0,-0.010000000000000675,97.77999877929688,99.07791707407279,50.55009078979492,106.92945718913107,120.1223,13817.0,13107.0,15.350000381469728,20.38,78.77850792423656,True,True,False,False,6605962.0,29.4,672274.0,4.39,4.4,4.04,2.84,3314.530029296875,564700.0,833.0,900.0,21886.060546875,9090550000.0,6532.0400390625,5253010000.0,15.350000381469728,0.0,97.77999877929688,0.0,50.55009078979492,27152000.0,303172.25,5265553.0,,,3314.53,564707.0,833.0,895071.0,18.87,20.6,18.82,23574.0,9046.0,3314.53,106.25503292882587,107.79125295159118,105.98509373096248,104.71352698191939,75.31894511075305,99.07791707407279,106.92945718913107,117.999667584711,,106.25502899586783,107.79124988677391,75.31894511075305
2025-09-11,3344.199951171875,107.20617185288401,22043.0703125,106.74542676078305,5906791.0,0.009999999999999787,97.54000091552734,98.83473351157159,51.28568649291992,108.48547515105516,119.9534,3000.0,16107.0,14.710000038146973,20.06,77.54155392346347,True,True,False,False,6605962.0,26.897,672274.0,4.41,4.4,4.01,2.78,3344.199951171875,435600.0,834.760009765625,1000.0,22043.0703125,10025020000.0,6587.47021484375,5426460000.0,14.710000038146973,0.0,97.54000091552734,0.0,51.28568649291992,38948300.0,306164.0625,5148088.0,,,3344.2,435589.0,834.76,960434.0,20.63,20.98,19.94,4322.0,8225.0,3344.2,107.20617185288401,108.01900043999906,106.74542676078305,105.60211449402463,72.17860963637867,98.83473351157159,108.48547515105516,119.16413062668066,,107.20617039760725,108.01899610502205,72.17860963637867
2025-09-12,3395.5400390625,108.85199876685662,22141.099609375,107.22014189717888,5916357.0,0.019999999999999574,97.5500030517578,98.84486841478673,51.25625991821289,108.42322862268703,120.0611,14355.0,30462.0,14.760000228881836,20.61,79.66756861229223,True,True,False,False,6605962.0,17.331,672274.0,4.42,4.4,4.06,2.79,3395.5400390625,448900.0,847.0800170898438,1000.0,22141.099609375,9023140000.0,6584.2900390625,4641640000.0,14.760000228881836,0.0,97.5500030517578,0.0,51.25625991821289,17773100.0,327605.53125,4242516.0,,,3395.54,448857.0,847.08,954438.0,20.98,21.05,20.43,18074.0,6119.0,3395.54,108.85199876685662,109.61322496082776,107.22014189717888,105.55113387839985,72.4239491495967,98.84486841478673,108.42322862268703,127.5095058548817,,108.851994447668,109.61321963275923,72.4239491495967
2025-09-15,3407.31005859375,109.22931434457404,22348.75,108.22570642381106,5916734.0,0.10999999999999943,97.3000030517578,98.59154994907037,51.62895965576172,109.2116066455149,119.5644,2667.0,33129.0,15.6899995803833,20.71,80.05411673753382,True,True,False,False,6605962.0,16.954,672274.0,4.51,4.4,4.05,2.75,3407.31005859375,378900.0,852.6900024414062,900.0,22348.75,8904030000.0,6615.27978515625,5045020000.0,15.6899995803833,0.0,97.3000030517578,0.0,51.62895965576172,22076400.0,330098.71875,4221256.0,,,3407.31,378854.0,852.69,944743.0,21.16,21.33,20.68,6074.0,-1376.0,3407.31,109.22931434457404,110.33916415660808,108.22570642381106,106.04792287453964,76.98724350581924,98.59154994907037,109.2116066455149,128.47989577752915,,109.2293093886344,110.33916070342526,76.98724350581924
2025-09-16,3449.6201171875,110.58566249328976,22333.9609375,108.15408914157342,5914871.0,-0.010000000000000675,96.62999725341795,97.91265058564433,52.01147079467773,110.02073889066098,119.1348,17927.0,51056.0,16.360000610351562,21.03,81.29107073830693,True,True,False,False,6605962.0,18.817,672274.0,4.39,4.4,4.04,2.79,3449.6201171875,406200.0,851.8400268554688,1000.0,22333.9609375,8592240000.0,6606.759765625,5359510000.0,16.360000610351562,0.0,96.62999725341795,0.0,52.01147079467773,28614400.0,347052.40625,5841135.0,,,3449.62,406214.0,851.84,1035618.0,20.69,21.27,20.3,13082.0,1083.0,3449.62,110.58566249328976,110.22917624137823,108.15408914157342,105.91134053736215,80.27478549580164,97.91265058564433,110.02073889066098,135.0785521167392,,110.58565562077445,110.22916963211222,80.27478549580164
2025-09-17,3413.39990234375,109.42453856715406,22261.330078125,107.80236808048376,5838258.0,-0.020000000000000462,96.87000274658205,98.15584187881163,52.23705291748047,110.49791654882138,119.1582,-347.0,50709.0,15.720000267028809,21.1,81.56165442597604,True,True,False,False,6608597.0,13.963,756376.0,4.38,4.4,4.06,2.79,3413.39990234375,326600.0,845.530029296875,1000.0,22261.330078125,9325980000.0,6600.35009765625,5805340000.0,15.720000267028809,0.0,96.87000274658205,0.0,52.23705291748047,53353400.0,332591.875,4498866.0,,,3413.4,326610.0,845.53,1004374.0,21.1,21.16,20.86,-1292.0,-3075.0,3413.4,109.42453856715406,109.41265458115936,107.80236808048376,105.80858872693584,77.13445002142726,98.15584187881163,110.49791654882138,129.45027353715835,,109.42453861467393,109.4126476791884,77.13445002142726
2025-09-18,3461.300048828125,110.96009009240984,22470.720703125,108.81635983882138,5838514.0,-0.010000000000000675,97.3499984741211,98.64220900381402,52.10955429077149,110.22821655949706,119.6616,2851.0,53560.0,15.699999809265137,20.69,79.9768071124855,True,True,False,False,6608597.0,13.707,756376.0,4.14,4.15,4.11,2.71,3461.300048828125,391200.0,857.1099853515625,1000.0,22470.720703125,10478450000.0,6631.9599609375,5292400000.0,15.699999809265137,0.0,97.3499984741211,0.0,52.10955429077149,30544400.0,354531.96875,4526286.0,,,3461.3,391177.0,857.11,968141.0,20.73,20.82,20.26,6376.0,4294.0,3461.3,110.96009009240984,110.91111553225078,108.81635983882138,106.31531866915938,77.03631234435524,98.64220900381402,110.22821655949706,137.98972188468156,,110.9600854007649,110.91111427425304,77.03631234435524
2025-09-19,3445.239990234375,110.44524725205707,22631.48046875,109.59485255985912,5840858.0,-0.010000000000000675,97.63999938964844,98.93605935172491,51.99185562133789,109.97924658461109,119.7858,-3080.0,50480.0,15.449999809265137,20.68,79.93815229996135,True,True,False,False,6608597.0,11.363,756376.0,4.14,4.15,4.14,2.72,3445.239990234375,348800.0,863.1099853515625,1000.0,22631.48046875,14632360000.0,6664.35986328125,9125960000.0,15.449999809265137,0.0,97.63999938964844,0.0,51.99185562133789,37385100.0,,,,,3445.24,348845.0,863.11,951398.0,20.95,21.25,20.67,-8574.0,-3357.0,3445.24,110.44524725205707,111.68752311653594,109.59485255985912,106.83471353324394,75.8096194577271,98.93605935172491,109.97924658461109,,,110.44524445327801,111.6875218364627,75.8096194577271
2025-09-22,3468.64990234375,111.1957068828513,22788.98046875,110.35755959097943,5838048.0,-0.010000000000000675,97.33000183105467,98.62194692804977,52.24686050415039,110.51866270184631,119.8152,5653.0,56133.0,16.100000381469727,20.94,80.94317742558948,True,True,False,False,6608597.0,14.173,756376.0,4.14,4.15,4.15,2.69,3468.64990234375,287900.0,874.3599853515625,1000.0,22788.98046875,9736270000.0,6693.75,5642620000.0,16.100000381469727,0.0,97.33000183105467,0.0,52.24686050415039,18357700.0,350044.21875,4377563.0,,,3468.65,287867.0,874.36,956058.0,21.28,21.46,20.79,14991.0,2672.0,3468.65,111.1957068828513,113.14328733707062,110.35755959097943,107.30585958499759,78.99902377063748,98.62194692804977,110.51866270184631,136.24301515870886,,111.19570688046778,113.1432860156058,78.99902377063748
2025-09-23,3486.18994140625,111.75799396780319,22573.470703125,109.31393537817131,5837819.0,-0.03000000000000025,97.26000213623048,98.55101806687586,52.27628326416016,110.58090116092116,119.6202,3414.0,59547.0,16.639999389648438,20.98,81.09779667568611,True,True,False,False,6608597.0,14.402,756376.0,4.12,4.15,4.12,2.71,3486.18994140625,358300.0,872.2100219726562,1000.0,22573.470703125,9822620000.0,6656.919921875,5633620000.0,16.639999389648438,0.0,97.26000213623048,0.0,52.27628326416016,21298600.0,360017.03125,3315336.0,,,3486.19,358335.0,872.21,964171.0,21.23,21.33,20.82,2111.0,-1363.0,3486.19,111.75799396780319,112.86507935818426,109.31393537817131,106.7154456627887,81.6486755391138,98.55101806687586,110.58090116092116,140.1245991753352,,111.75799269733699,112.86507330581401,81.6486755391138
2025-09-24,3472.139892578125,111.30758670412222,22497.859375,108.947781145833,5774367.0,-0.020000000000000462,97.87000274658205,99.16911574167703,52.0997428894043,110.20746233717882,120.1707,-2486.0,57061.0,16.18000030517578,21.2,81.94820255121762,True,True,False,False,6608395.0,29.172,804856.0,4.13,4.15,4.16,2.7,3472.139892578125,287100.0,860.9400024414062,1000.0,22497.859375,9184030000.0,6637.97021484375,5459180000.0,16.18000030517578,0.0,97.87000274658205,0.0,52.0997428894043,24947100.0,356526.53125,4165199.0,,,3472.14,287145.0,860.94,1036233.0,21.2,21.69,21.18,-4599.0,2124.0,3472.14,111.30758670412222,111.40672458500018,108.947781145833,106.41166757100575,79.39156512000153,99.16911574167703,110.20746233717882,138.76603868800686,,111.30758701164642,111.40672110146355,79.39156512000153
2025-09-25,3471.110107421875,111.27457452600953,22384.69921875,108.39979354701047,5778170.0,0.02999999999999936,98.5500030517578,99.85814227765214,51.79569625854492,109.56430738552558,120.5419,2196.0,59257.0,16.739999771118164,20.62,79.70622342481639,True,True,False,False,6608395.0,25.369,804856.0,4.18,4.15,4.18,2.76,3471.110107421875,293100.0,852.47998046875,900.0,22384.69921875,9960330000.0,6604.72021484375,5874670000.0,16.739999771118164,0.0,98.5500030517578,0.0,51.79569625854492,27611900.0,355529.28125,2148215.0,,,3471.11,293075.0,852.48,871794.0,21.17,21.29,20.55,589.0,2707.0,3471.11,111.27457452600953,110.3119870478686,108.39979354701047,105.87864500051818,82.13935456554987,99.85814227765214,109.56430738552558,138.37789244936246,,111.27456794714385,110.31198643874791,82.13935456554987
2025-09-26,3386.050048828125,108.54777487510275,22484.0703125,108.88100644791993,5755466.0,0.009999999999999787,98.1500015258789,99.45283118637278,51.69761657714844,109.35683778598282,120.4349,-5707.0,53550.0,15.289999961853027,21.77,84.1515268650947,True,True,False,False,6608395.0,48.073,804856.0,4.16,4.15,4.2,2.75,3386.050048828125,399200.0,835.1900024414062,700.0,22484.0703125,8488400000.0,6643.7001953125,5103110000.0,15.289999961853027,0.0,98.1500015258789,0.0,51.69761657714844,22608400.0,335583.71875,3685324.0,,,3386.05,399150.0,835.19,749242.0,20.82,22.67,20.7,-6101.0,-4892.0,3386.05,108.54777487510275,108.07464203577632,108.88100644791993,106.50352347832295,75.024536758999,99.45283118637278,109.35683778598282,130.61474874214628,,108.54777025142577,108.07463864698043,75.024536758999
2025-09-29,3431.2099609375,109.99548176139771,22591.150390625,109.39955075572216,5747319.0,-0.020000000000000462,97.91000366210938,99.20964762387156,52.16839599609375,110.35268540835344,120.115,4472.0,58022.0,16.1200008392334,20.96,81.0204870506378,True,True,False,False,6608395.0,56.22,804856.0,4.13,4.15,4.15,2.74,3431.2099609375,416500.0,846.7100219726562,700.0,22591.150390625,9046720000.0,6661.2099609375,5358760000.0,16.1200008392334,0.0,97.91000366210938,0.0,52.16839599609375,26754400.0,348049.6875,2275986.0,,,3431.21,416480.0,846.71,663696.0,21.17,21.18,20.77,8954.0,3014.0,3431.21,109.99548176139771,109.56534712497228,109.39955075572216,106.78421822364842,79.0971614477095,99.20964762387156,110.35268540835344,135.4667105184018,,109.995479914471,109.56534116642298,79.0971614477095
2025-09-30,3424.60009765625,109.78358709325579,22660.009765625,109.73300808569711,5754468.0,0.08999999999999986,97.7699966430664,99.06778217085763,52.37436676025391,110.7883788297572,120.1368,230.0,58252.0,16.280000686645508,20.62,79.70622342481639,True,True,False,False,6608395.0,49.071,804856.0,4.24,4.15,4.16,2.8,3424.60009765625,526400.0,841.989990234375,800.0,22660.009765625,8928070000.0,6688.4599609375,6057210000.0,16.280000686645508,0.0,97.7699966430664,0.0,52.37436676025391,25165300.0,346553.78125,2238614.0,,,3424.6,526402.0,841.99,839740.0,21.08,21.09,20.48,-3298.0,-497.0,3424.6,109.78358709325579,108.95456905169425,109.73300808569711,107.22105627013825,79.88224414643759,99.06778217085763,110.7883788297572,134.884478997417,,109.7835808694593,108.95456721748471,79.88224414643759
2025-10-01,3455.830078125,110.78473735399956,22755.16015625,110.19378187581476,5771801.0,0.04999999999999982,97.70999908447266,99.00698821289885,52.78629684448242,111.65974146468487,120.1502,8455.0,66707.0,16.290000915527344,20.55,79.43563973714728,True,True,False,False,6587119.0,10.179,805139.0,4.2,4.15,4.12,2.81,3455.830078125,493600.0,845.3400268554688,600.0,22755.16015625,10043980000.0,6711.2001953125,6037950000.0,16.290000915527344,0.0,97.70999908447266,0.0,52.78629684448242,29971300.0,359019.75,2802437.0,,,3455.83,493641.0,845.34,620014.0,20.48,20.55,20.13,1544.0,2208.0,3455.83,110.78473735399956,109.38806802506929,110.19378187581476,107.5855993732977,79.93131298497359,99.00698821289885,111.65974146468487,139.73644077367254,,110.78473172811525,109.38806143971844,79.93131298497359
2025-10-02,3549.2099609375,113.77824848089585,22844.05078125,110.6242422230413,5773544.0,0.04999999999999982,97.8499984741211,99.14884593524673,53.031494140625,112.17841142889513,120.4296,31265.0,97972.0,16.6299991607666,22.34,86.35485117897178,True,True,False,False,6587119.0,8.436,805139.0,4.2,4.15,4.1,2.81,3549.2099609375,402100.0,854.25,800.0,22844.05078125,9633200000.0,6715.35009765625,5416130000.0,16.6299991607666,0.0,97.8499984741211,0.0,53.031494140625,27872000.0,394423.0625,7430763.0,,,3549.21,402107.0,854.25,820880.0,21.35,22.66,20.96,44749.0,-675.0,3549.21,113.77824848089585,110.54102981260117,110.6242422230413,107.65212543689285,81.59960670057778,99.14884593524673,112.17841142889513,153.5159971360957,,113.77824652738819,110.54102666959977,81.59960670057778
2025-10-03,,,22780.509765625,110.31653949680819,5756588.0,0.02999999999999936,97.72000122070312,99.017123116114,53.18842315673828,112.51036601588085,120.0881,,97972.0,16.649999618530273,,,False,True,False,False,6587119.0,25.392,805139.0,4.18,4.15,4.13,2.8,,,,,22780.509765625,10515730000.0,6715.7900390625,5713110000.0,16.649999618530273,0.0,97.72000122070312,0.0,53.18842315673828,21836000.0,,,,,,,,,,,,,,,,,110.31653949680819,107.65917802935067,81.69774437764981,99.017123116114,112.51036601588085,,,,,81.69774437764981
2025-10-06,,,22941.669921875,111.09697114321027,5760204.0,0.0,98.11000061035156,99.41229930417822,53.43362045288086,113.02903598009111,120.2722,,97972.0,16.3700008392334,,,False,True,False,False,6587119.0,21.776,805139.0,4.15,4.15,4.18,2.76,,,,,22941.669921875,10468830000.0,6740.27978515625,5604460000.0,16.3700008392334,0.0,98.11000061035156,0.0,53.43362045288086,17890500.0,,,,,,,,,,,,,,,,,111.09697114321027,108.0517671244929,80.32385433433764,99.41229930417822,113.02903598009111,,,,,80.32385433433764
2025-10-07,,,22788.359375,110.3545518921216,5777358.0,-0.010000000000000675,98.58000183105467,99.88853925663152,53.02169036865234,112.15767334516345,120.4884,,97972.0,17.239999771118164,,,False,True,False,False,6587119.0,4.622,805139.0,4.14,4.15,4.14,2.82,,,,,22788.359375,10375920000.0,6714.58984375,5546150000.0,17.239999771118164,0.0,98.58000183105467,0.0,53.02169036865234,18605600.0,,,,,,,,,,,,,,,,,110.3545518921216,107.63993799354449,84.59274033880615,99.88853925663152,112.15767334516345,,,,,84.59274033880615
2025-10-08,,,23043.380859375,111.58951493478544,5778156.0,-0.03000000000000025,98.8499984741211,100.16211979811212,53.44343185424805,113.04979020240935,120.7766,,97972.0,16.299999237060547,,,False,True,False,False,6590815.0,5.231,807428.0,4.12,4.15,4.13,2.84,,,,,23043.380859375,10925520000.0,6753.72021484375,5383130000.0,16.299999237060547,0.0,98.8499984741211,0.0,53.44343185424805,15391200.0,,,,,,,,,,,,,,,,,111.58951493478544,108.26722734646248,79.9803724645856,100.16211979811212,113.04979020240935,,,,,79.9803724645856
2025-10-09,,,23024.630859375,111.49871647869966,5778891.0,-0.020000000000000462,99.54000091552734,100.8612812373024,52.89418411254883,111.88795721725258,121.0902,,97972.0,16.43000030517578,,,False,True,False,False,6590815.0,4.496,807428.0,4.13,4.15,4.14,2.95,,,,,23024.630859375,10713200000.0,6735.10986328125,5385020000.0,16.43000030517578,0.0,99.54000091552734,0.0,52.89418411254883,24685200.0,,,,,,,,,,,,,,,,,111.49871647869966,107.96888937871749,80.61825800662967,100.8612812373024,111.88795721725258,,,,,80.61825800662967
2025-10-10,3610.60009765625,115.74625327822747,22204.4296875,107.52682314078102,5779263.0,0.0,98.9800033569336,100.29385034791092,50.9424057006836,107.75932751800885,121.1163,10592.0,108564.0,21.65999984741211,23.9,92.38500193274062,True,True,False,False,6590815.0,4.124,807428.0,4.15,4.15,4.05,3.18,3610.60009765625,407400.0,859.489990234375,800.0,22204.4296875,11635030000.0,6552.509765625,6596610000.0,21.65999984741211,0.0,98.9800033569336,0.0,50.9424057006836,67908200.0,426834.5625,6835852.0,,,3610.6,407411.0,859.49,773577.0,22.99,24.47,22.88,15125.0,-5936.0,3610.6,115.74625327822747,111.21909117252599,107.52682314078102,105.04167213288243,106.28067094874876,100.29385034791092,107.75932751800885,166.13109045654923,,115.74624688643044,111.21908927392954,106.28067094874876
2025-10-13,3584.550048828125,114.91115787358058,22694.609375,109.90055961169283,5779263.0,0.0,99.2699966430664,100.58769296515572,52.42340469360352,110.89210959488196,121.1163,-8220.0,100344.0,19.030000686645508,28.03,108.3494395052184,True,True,False,False,6590815.0,4.124,807428.0,4.15,4.15,4.05,3.18,3584.550048828125,408000.0,860.489990234375,700.0,22694.609375,9018770000.0,6654.72021484375,5303960000.0,19.030000686645508,0.0,99.2699966430664,0.0,52.42340469360352,34717200.0,413869.9375,4356534.0,,,3584.55,408033.0,860.49,698532.0,27.56,28.44,27.24,3150.0,-4471.0,3584.55,114.91115787358058,111.34849243657352,109.90055961169283,106.68018270049949,93.3758658993472,100.58769296515572,110.89210959488196,161.08504339795323,,114.91115307061273,111.34849053429781,93.3758658993472
2025-10-14,3561.81005859375,114.18217415951017,22521.69921875,109.06322759947705,5779871.0,0.040000000000000036,99.0500030517578,100.36477920908484,51.9526252746582,109.8962619725113,121.1822,5581.0,105925.0,20.809999465942383,30.45,117.70390413606493,True,True,False,False,6590815.0,3.516,807428.0,4.19,4.15,4.03,3.11,3561.81005859375,734100.0,847.9600219726562,1000.0,22521.69921875,9776720000.0,6644.31005859375,5666920000.0,20.809999465942383,0.0,99.0500030517578,0.0,51.9526252746582,36062800.0,410379.5,4101275.0,,,3561.81,734085.0,847.96,996539.0,26.55,31.12,26.01,1903.0,-6299.0,3561.81,114.18217415951017,109.7270987050317,109.06322759947705,106.51330004655807,102.10991326242824,100.36477920908484,109.8962619725113,159.72650723666138,,114.18216906402172,109.72709274188333,102.10991326242824
2025-10-15,3657.280029296875,117.2426879551648,22670.080078125,109.78177442315315,5781377.0,0.13999999999999968,98.79000091552734,100.10132584015335,52.80591583251953,111.70124184002803,120.8642,1631.0,107556.0,20.63999938964844,27.66,106.9192114418245,True,True,False,False,6596454.0,5.484,809593.0,4.29,4.15,4.05,2.95,3657.280029296875,543600.0,864.719970703125,900.0,22670.080078125,11374850000.0,6671.06005859375,5633060000.0,20.63999938964844,0.0,98.79000091552734,0.0,52.80591583251953,31145700.0,421349.53125,2688019.0,,,3657.28,543607.0,864.72,879762.0,28.89,29.02,27.26,17281.0,7512.0,3657.28,117.2426879551648,111.89585725612612,109.78177442315315,106.94212271604806,101.27576172516417,100.10132584015335,111.70124184002803,163.99622532891388,,117.24268371262517,111.89585786565561,101.27576172516417
2025-10-16,3748.3701171875,120.16279433608699,22562.5390625,109.26099798663881,5779901.0,0.14999999999999947,98.38999938964844,99.69601474887396,53.14918899536133,112.42737333448778,120.6698,6533.0,114089.0,25.309999465942383,29.89,115.53923463471203,True,True,False,False,6596454.0,6.96,809593.0,4.3,4.15,3.99,3.04,3748.3701171875,495800.0,865.4099731445312,900.0,22562.5390625,11343620000.0,6629.06982421875,6048180000.0,25.309999465942383,0.0,98.38999938964844,0.0,53.14918899536133,29782000.0,451267.84375,4247934.0,,,3748.37,495791.0,865.41,899458.0,27.86,30.11,27.78,7497.0,7813.0,3748.37,120.16279433608699,111.98514444423996,109.26099798663881,106.2689875983958,124.19038522173491,99.69601474887396,112.42737333448778,175.6409287267199,,120.16278719373214,111.98514473530972,124.19038522173491
2025-10-17,3748.889892578125,120.1794569551486,22679.970703125,109.82967060873838,5782759.0,0.02999999999999936,98.43000030517578,99.7365466310685,53.139381408691406,112.40662718146284,120.7028,4438.0,118527.0,20.780000686645508,34.58,133.6683417085427,True,True,False,False,6596454.0,4.102,809593.0,4.18,4.15,4.02,3.04,3748.889892578125,420800.0,859.5399780273438,900.0,22679.970703125,9552150000.0,6664.009765625,5358120000.0,20.780000686645508,0.0,98.43000030517578,0.0,53.139381408691406,24373600.0,464232.46875,4541583.0,,,3748.89,420770.0,859.54,859532.0,32.72,34.62,32.09,1251.0,-1688.0,3748.89,120.1794569551486,111.22555965612308,109.82967060873838,106.82910120384075,101.96271610574424,99.7365466310685,112.40662718146284,180.68697578531592,,120.17945701270432,111.22555933694794,101.96271610574424
2025-10-20,3814.68994140625,122.28883182674508,22990.5390625,111.33362407755625,5780930.0,0.009999999999999787,98.58999633789062,99.89866642918062,53.86516952514648,113.94189899036193,120.6209,-2500.0,116027.0,18.229999542236328,30.9,119.44337069965209,True,True,False,False,6596454.0,5.931,809593.0,4.16,4.15,4.0,2.99,3814.68994140625,410100.0,875.77001953125,800.0,22990.5390625,9440620000.0,6735.1298828125,4672170000.0,18.229999542236328,0.0,98.58999633789062,0.0,53.86516952514648,29450600.0,484178.0,3333903.0,,,3814.69,410147.0,875.77,846813.0,32.18,32.34,30.9,5871.0,6428.0,3814.69,122.28883182674508,113.32574754227241,111.33362407755625,107.96921030689815,89.45044304678274,99.89866642918062,113.94189899036193,188.45010732951386,,122.28883025956831,113.32574179272505,89.45044304678274
2025-10-21,3823.840087890625,122.58216123013175,22953.669921875,111.15508215510515,5782162.0,0.08000000000000007,98.93000030517578,100.24318356250122,53.26689147949219,112.67635137866701,120.8895,-124.0,115903.0,17.8700008392334,30.62,118.36103594897564,True,True,False,False,6596454.0,4.699,809593.0,4.23,4.15,3.98,2.97,3823.840087890625,526900.0,872.5,1100.0,22953.669921875,10845130000.0,6735.35009765625,5245020000.0,17.8700008392334,0.0,98.93000030517578,0.0,53.26689147949219,27091800.0,477695.6875,4126858.0,,,3823.84,526854.0,872.5,1118285.0,30.26,31.65,30.0,-432.0,2116.0,3823.84,122.58216123013175,112.90260288146857,111.15508215510515,107.97274051688537,87.68401165410651,100.24318356250122,112.67635137866701,185.92708380021585,,122.5821549587903,112.90259967132081,87.68401165410651
2025-10-22,3883.679931640625,124.50046775078827,22740.400390625,110.12230646616476,5677527.0,0.05999999999999961,98.9000015258789,100.21278658352182,53.21784591674805,112.5726044749557,120.8958,-7033.0,108870.0,18.600000381469727,29.98,115.88712794742946,True,True,False,False,6589533.0,4.005,908001.0,4.21,4.15,3.97,3.01,3883.679931640625,597200.0,879.1500244140625,900.0,22740.400390625,14361150000.0,6699.39990234375,5710010000.0,18.600000381469727,0.0,98.9000015258789,0.0,53.21784591674805,23595100.0,480188.90625,3870276.0,,,3883.68,597216.0,879.15,871961.0,30.6,30.91,29.45,850.0,7633.0,3883.68,124.50046775078827,113.76312444659516,110.12230646616476,107.39643177959218,91.26595263691895,100.21278658352182,112.5726044749557,186.89748588588157,,124.50046643435778,113.76311805276984,91.26595263691895
2025-10-23,3845.56005859375,123.27844582610001,22941.80078125,111.09760484076835,5674591.0,0.08999999999999986,98.94000244140624,100.25331846571635,53.68862915039063,113.56846016661963,120.9531,-4071.0,104799.0,17.299999237060547,30.63,118.39969076149978,True,True,False,False,6589533.0,6.941,908001.0,4.24,4.15,4.01,2.96,3845.56005859375,423600.0,872.030029296875,1100.0,22941.80078125,10363600000.0,6738.43994140625,5565750000.0,17.299999237060547,0.0,98.94000244140624,0.0,53.68862915039063,19655800.0,477197.09375,3583993.0,,,3845.56,423588.0,872.03,1060356.0,31.05,31.44,30.03,-4702.0,-3972.0,3845.56,123.27844582610001,112.84178807841887,111.09760484076835,108.0222730419389,84.88714401109819,100.25331846571635,113.56846016661963,185.73302284391193,,123.27844047432046,112.84178107894772,84.88714401109819
2025-10-24,3941.590087890625,126.35691361335977,23204.869140625,112.37153555416899,5679097.0,0.08999999999999986,98.9499969482422,100.26344563826545,54.04171371459961,114.31534588339758,120.9345,5756.0,110555.0,16.3700008392334,31.29,120.9509083880943,True,True,False,False,6589533.0,2.435,908001.0,4.24,4.15,4.02,2.88,3941.590087890625,426900.0,883.0800170898438,1000.0,23204.869140625,10308620000.0,6791.68994140625,5058220000.0,16.3700008392334,0.0,98.9499969482422,0.0,54.04171371459961,19506300.0,508611.28125,4254202.0,,,3941.59,426897.0,883.08,961807.0,30.77,31.31,30.53,8784.0,14054.0,3941.59,126.35691361335977,114.2716704665388,112.37153555416899,108.875910692419,80.32385433433764,100.26344563826545,114.31534588339758,197.95994559968454,,126.35690723566317,114.27166500601717,80.32385433433764
2025-10-27,4042.830078125,129.60239891624886,23637.4609375,114.46639780865493,5670890.0,0.11999999999999922,98.77999877929688,100.09119093693819,54.63999938964844,115.58090963367911,120.7988,6471.0,117026.0,15.789999961853027,32.94,127.32895245458057,True,True,False,False,6589533.0,10.642,908001.0,4.27,4.15,4.01,2.8,4042.830078125,517000.0,902.7000122070312,1000.0,23637.4609375,10757830000.0,6875.16015625,5290650000.0,15.789999961853027,0.0,98.77999877929688,0.0,54.63999938964844,24016300.0,533543.25,3381231.0,,,4042.83,516999.0,902.7,997294.0,32.57,32.99,32.16,20385.0,2343.0,4042.83,129.60239891624886,116.81052263530918,114.46639780865493,110.2140011728751,77.47792253225529,100.09119093693819,115.58090963367911,207.66388131521393,,129.6023927601694,116.81051773444275,77.47792253225529
2025-10-28,4010.409912109375,128.5630944667191,23827.490234375,115.3866307029115,5667436.0,0.15999999999999925,98.69000244140624,100.0,54.62038040161133,115.53940925833592,120.6361,-16379.0,100647.0,16.420000076293945,33.24,128.48859683030537,True,True,False,False,6589533.0,14.096,908001.0,4.31,4.15,3.99,2.82,4010.409912109375,408200.0,903.2999877929688,800.0,23827.490234375,10640830000.0,6890.89013671875,5695930000.0,16.420000076293945,0.0,98.69000244140624,0.0,54.62038040161133,25911500.0,519581.34375,5659008.0,,,4010.41,408225.0,903.3,842075.0,33.36,34.27,32.99,-10032.0,925.0,4010.41,128.5630944667191,116.88816023452715,115.3866307029115,110.46616462018855,80.56918916809367,100.0,115.53940925833592,202.22967585495527,,128.56309366194247,116.8881584906637,80.56918916809367
2025-10-29,4081.14990234375,130.83083074465316,23958.470703125,116.02091466770554,5609540.0,0.11999999999999922,99.22000122070312,100.5370339104121,54.93423461914063,116.20331036301413,120.5312,-1066.0,99581.0,16.920000076293945,32.63,126.13065326633166,True,True,False,False,6587034.0,19.504,957990.0,4.27,4.15,4.08,2.76,4081.14990234375,466900.0,901.5900268554688,1000.0,23958.470703125,10089540000.0,6890.58984375,6280130000.0,16.920000076293945,0.0,99.22000122070312,0.0,54.93423461914063,32924600.0,556480.5625,4803031.0,,,4081.15,466898.0,901.59,976841.0,33.61,34.0,32.38,-9039.0,5196.0,4081.15,130.83083074465316,116.66688912774276,116.02091466770554,110.4613506974787,83.02257494134996,100.5370339104121,116.20331036301413,216.59146373836325,,130.83083018904216,116.66688233543397,83.02257494134996
2025-10-30,4086.889892578125,131.01483959235514,23581.140625,114.19366194618735,5609878.0,0.14000000000000012,99.52999877929688,100.85114633408725,54.36537551879883,114.99999314110072,121.2832,-1173.0,98408.0,16.90999984741211,31.89,123.27019713954388,True,True,False,False,6587034.0,19.166,957990.0,4.04,3.9,4.11,2.85,4086.889892578125,566500.0,890.8599853515625,1200.0,23581.140625,10564160000.0,6822.33984375,6052700000.0,16.90999984741211,0.0,99.52999877929688,0.0,54.36537551879883,22532800.0,566453.3125,4888461.0,,,4086.89,566538.0,890.86,1214716.0,32.97,33.02,31.68,-14046.0,-8379.0,4086.89,131.01483959235514,115.27840819385484,114.19366194618735,109.36725173700421,82.97350610281396,100.85114633408725,114.99999314110072,220.4730234289531,,131.01483934461967,115.27840681168236,82.97350610281396
2025-10-31,4107.5,131.67554491812425,23724.9609375,114.89012393705511,5577242.0,0.31999999999999984,99.8000030517578,101.12473460623389,54.23787307739258,114.7302850824831,121.3859,13212.0,111620.0,17.440000534057617,30.4,117.51063007344413,True,True,False,False,6587034.0,51.802,957990.0,4.22,3.9,4.11,2.94,4107.5,408300.0,900.4199829101562,900.0,23724.9609375,10909250000.0,6840.2001953125,6398280000.0,17.440000534057617,0.0,99.8000030517578,0.0,54.23787307739258,29316400.0,557477.875,3351809.0,,,4107.5,408275.0,900.42,895006.0,31.96,31.97,30.38,11618.0,-11064.0,4107.5,131.67554491812425,116.51548396222817,114.89012393705511,109.65356663924948,85.57409839167826,101.12473460623389,114.7302850824831,216.97963430304418,,131.6755412081131,116.51548286080306,85.57409839167826
2025-11-03,4221.8701171875,135.34194723170032,23834.720703125,115.42164485753959,5605252.0,0.22999999999999998,99.87000274658205,101.19566346740785,54.581153869628906,115.45643271552942,121.4512,-7949.0,103671.0,17.170000076293945,32.89,127.1356783919598,True,True,False,False,6587034.0,23.792,957990.0,4.13,3.9,4.13,3.04,4221.8701171875,472700.0,914.5499877929688,1000.0,23834.720703125,10360170000.0,6851.97021484375,6065720000.0,17.170000076293945,0.0,99.87000274658205,0.0,54.581153869628906,18735900.0,618311.8125,5787058.0,,,4221.87,472676.0,914.55,1037137.0,31.15,33.14,30.77,-6239.0,1841.0,4221.87,135.34194723170032,118.34392445506185,115.42164485753959,109.84224892692576,84.24926782797812,101.19566346740785,115.45643271552942,240.65721166333716,,135.3419396616668,118.3439226698068,84.24926782797812
2025-11-04,4121.740234375,132.13204902551072,23348.640625,113.06776109072403,5612061.0,0.10000000000000009,100.22000122070312,101.55030777327751,53.58074188232422,113.34024441405191,121.8271,-22282.0,81389.0,19.0,35.78,138.30691921144182,True,True,False,False,6587034.0,16.983,957990.0,4.0,3.9,4.1,3.13,4121.740234375,423500.0,926.5700073242188,900.0,23348.640625,10227700000.0,6771.5498046875,5739510000.0,19.0,0.0,100.22000122070312,0.0,53.58074188232422,25655800.0,584404.3125,5969769.0,,,4121.74,423543.0,926.57,931506.0,33.62,35.78,33.42,-3999.0,-4989.0,4121.74,132.13204902551072,119.89933017628158,113.06776109072403,108.55304911516185,93.22865938373918,101.55030777327751,113.34024441405191,227.45985033284404,,132.1320377891973,119.8993258194335,93.22865938373918
2025-11-05,4004.419921875,128.37107128274695,23499.80078125,113.79976689388033,5618939.0,0.010000000000000231,100.1999969482422,101.53003796684723,54.06132888793945,114.35683818944749,121.8482,-20695.0,60694.0,18.010000228881836,40.51,156.59064553536913,True,True,False,False,6572732.0,12.814,940979.0,3.91,3.9,4.17,3.05,4004.419921875,594200.0,901.8900146484376,1100.0,23499.80078125,10026890000.0,6796.2900390625,5939600000.0,18.010000228881836,0.0,100.1999969482422,0.0,54.06132888793945,22362000.0,577423.375,8976222.0,,,4004.42,594163.0,901.89,1130177.0,37.5,42.97,37.48,-19034.0,-1877.0,4004.42,128.37107128274695,116.70570792735175,113.79976689388033,108.94965372632059,88.3709566757626,101.53003796684723,114.35683818944749,224.74275368422383,,128.37107017032068,116.70570271354444,88.3709566757626
2025-11-06,4026.449951171875,129.07729553405025,23053.990234375,111.64089172785394,5620999.0,0.020000000000000018,99.7300033569336,101.05380574505996,53.6592025756836,113.50621363825151,121.6948,-16950.0,43744.0,19.5,40.2,155.39234634712022,True,True,False,False,6572732.0,10.754,940979.0,3.92,3.9,4.11,3.13,4026.449951171875,423400.0,898.1699829101562,981000.0,23053.990234375,11085130000.0,6720.31982421875,6051900000.0,19.5,0.0,99.7300033569336,0.0,53.6592025756836,24880700.0,591385.3125,5321244.0,,,4026.45,423421.0,898.17,981007.0,39.17,40.64,38.58,-4772.0,8301.0,4026.45,129.07729553405025,116.22433111812123,111.64089172785394,107.73179390086169,95.68204515699547,101.05380574505996,113.50621363825151,230.17697130750076,,129.07729346254578,116.22433002497445,95.68204515699547
2025-11-07,3953.760009765625,126.74704899850929,23004.5390625,111.40142025810029,5626850.0,0.03000000000000025,99.5999984741211,100.92207519526117,53.50227737426758,113.17426712055902,121.388,-4550.0,39194.0,19.07999992370605,41.88,161.88635485117896,True,True,False,False,6572732.0,4.903,940979.0,3.93,3.9,4.11,3.15,3953.760009765625,377100.0,876.8099975585938,1041100.0,23004.5390625,10141910000.0,6728.7998046875,5926070000.0,19.07999992370605,0.0,99.5999984741211,0.0,53.50227737426758,32432300.0,578420.6875,4789397.0,,,3953.76,377050.0,876.81,1041128.0,43.93,44.65,41.88,-8114.0,-2446.0,3953.76,126.74704899850929,113.46032201359235,111.40142025810029,107.86773438167785,93.62120073310322,100.92207519526117,113.17426712055902,225.13092424890476,,126.74704511430048,113.46031910350807,93.62120073310322
2025-11-10,4073.239990234375,130.57725996260655,23527.169921875,113.932304265248,5624601.0,0.050000000000000266,99.62000274658205,100.9423450016915,54.4438362121582,115.1659623653003,121.2984,-1510.0,37684.0,17.600000381469727,39.75,153.65287978353302,True,True,False,False,6572732.0,7.152,940979.0,3.95,3.9,4.13,3.02,4073.239990234375,339500.0,888.3499755859375,700.0,23527.169921875,9297320000.0,6832.43017578125,5366050000.0,17.600000381469727,0.0,99.62000274658205,0.0,54.4438362121582,27712200.0,604349.875,4893645.0,15.68000030517578,35692000.0,4073.24,339514.0,888.35,727290.0,41.15,41.28,39.69,22669.0,13066.0,4073.24,130.57725996260655,114.95360975741133,113.932304265248,109.52900736757172,86.35918109040637,100.9423450016915,115.1659623653003,235.22299404006023,100.0,130.5772565966,114.95360964815798,86.35918109040637
2025-11-11,4106.39013671875,131.63996564792504,23468.30078125,113.64722548765629,5624601.0,0.050000000000000266,99.45999908447266,100.78021747291331,54.502685546875,115.29044735274327,121.2984,770.0,38454.0,17.280000686645508,38.93,150.483185156552,True,True,False,False,6572732.0,7.152,940979.0,3.95,3.9,4.13,3.02,4106.39013671875,377600.0,884.27001953125,1000.0,23468.30078125,7756810000.0,6846.60986328125,4983490000.0,17.280000686645508,0.0,99.45999908447266,0.0,54.502685546875,22791800.0,617314.4375,5508697.0,15.970000267028809,42691100.0,4106.39,377554.0,884.27,966121.0,39.71,40.03,38.92,3905.0,2247.0,4106.39,131.63996564792504,114.4256582866764,113.64722548765629,109.75631844967579,84.78901569295017,100.78021747291331,115.29044735274327,240.26901677261972,101.84948951663797,131.63995755607633,114.42565250585541,84.78901569295017
2025-11-12,4150.39013671875,133.05048883146674,23406.4609375,113.34776082967846,5620760.0,0.08000000000000007,99.4800033569336,100.80048727934361,54.51249313354492,115.31119350576822,121.0458,-4265.0,34189.0,17.510000228881836,36.1,139.54387321221492,True,True,False,False,6580462.0,5.886,953816.0,3.98,3.9,4.08,3.02,4150.39013671875,334600.0,906.510009765625,1000.0,23406.4609375,8449920000.0,6850.919921875,5293610000.0,17.510000228881836,0.0,99.4800033569336,0.0,54.51249313354492,24137600.0,615319.9375,2831484.0,16.010000228881836,18081100.0,4150.39,334584.0,906.51,1001472.0,38.48,38.48,36.1,16412.0,9093.0,4150.39,133.05048883146674,117.30354113540922,113.34776082967846,109.82541193871617,85.91757090250631,100.80048727934361,115.31119350576822,239.492724295331,102.10459130920506,133.05048069987595,117.30353653644588,85.91757090250631
2025-11-13,4170.6298828125,133.69932135633562,22870.359375,110.75164380673661,5622885.0,0.10000000000000009,99.18000030517578,100.49650202821756,53.87498092651367,113.96265321268018,120.7725,9989.0,44178.0,20.0,33.34,128.87514495554697,True,True,False,False,6580462.0,3.761,953816.0,4.0,3.9,4.11,3.09,4170.6298828125,424200.0,918.3699951171876,900.0,22870.359375,11351410000.0,6737.490234375,5473720000.0,20.0,0.0,99.18000030517578,0.0,53.87498092651367,29877500.0,610333.5625,3875541.0,15.1899995803833,29183600.0,4170.63,424189.0,918.37,911087.0,34.89,34.93,33.1,5200.0,-7179.0,4170.63,133.69932135633562,118.83823823148659,110.75164380673661,108.00704852214922,98.13543093025177,100.49650202821756,113.96265321268018,237.55194445003607,96.87499543842014,133.6993213460238,118.83823548441363,98.13543093025177
2025-11-14,4011.570068359375,128.60028599597263,22900.58984375,110.89803740082988,5625087.0,0.050000000000000266,99.2699966430664,100.58769296515572,53.90440368652344,114.02489167175503,120.9666,-23575.0,20603.0,19.82999992370605,36.66,141.70854271356782,True,True,False,False,6580462.0,1.559,953816.0,3.95,3.9,4.14,3.07,4011.570068359375,400000.0,897.9000244140625,800.0,22900.58984375,10841540000.0,6734.10986328125,5042660000.0,19.82999992370605,0.0,99.2699966430664,0.0,53.90440368652344,27660000.0,558475.125,5778374.0,12.899999618530272,43080196.0,4011.57,399992.0,897.9,831830.0,35.97,36.93,34.46,-23754.0,-9005.0,4011.57,128.60028599597263,116.18939814748632,110.89803740082988,107.95285862471786,97.30127939298767,100.58769296515572,114.02489167175503,217.36778054168852,82.27040412921508,128.6002801811881,116.18939168467502,97.30127939298767
2025-11-17,4089.25,131.09049837040524,22708.0703125,109.9657453366244,5623474.0,0.10000000000000009,99.58999633789062,100.91194029204603,53.26689147949219,112.67635137866701,121.1146,5189.0,25792.0,22.3799991607666,34.36,132.8179358330112,True,True,False,False,6580462.0,3.172,953816.0,4.0,3.9,4.13,3.13,4089.25,344100.0,902.6699829101562,700.0,22708.0703125,9744800000.0,6672.41015625,5204220000.0,22.3799991607666,0.0,99.58999633789062,0.0,53.26689147949219,24765100.0,604349.875,4470947.0,14.8100004196167,32551000.0,4089.25,344097.0,902.67,715016.0,35.93,36.13,34.08,-3890.0,-245.0,4089.25,131.09049837040524,116.80663680633509,109.9657453366244,106.96376579945088,109.81354309302517,100.91194029204603,112.67635137866701,235.22299404006023,94.45153145008611,131.09049467687802,116.80663569663167,109.81354309302517
2025-11-18,3953.6201171875,126.74256441385813,22432.849609375,108.63296587387319,5625741.0,0.040000000000000036,99.5500030517578,100.87141614051754,53.002071380615234,112.11617296982028,121.2127,-5500.0,20292.0,24.690000534057617,39.26,151.75879396984925,True,True,False,False,6580462.0,0.905,953816.0,3.94,3.9,4.12,3.2,3953.6201171875,319700.0,878.7000122070312,800.0,22432.849609375,8606260000.0,6617.31982421875,5159390000.0,24.690000534057617,0.0,99.5500030517578,0.0,53.002071380615234,29360300.0,568447.875,3544391.0,13.18000030517578,32368700.0,3953.62,319660.0,878.7,849174.0,35.41,40.12,34.68,-13210.0,-6788.0,3953.62,126.74256441385813,113.70489229816852,108.63296587387319,106.0806262389002,121.14819210389453,100.87141614051754,112.11617296982028,221.24934023227837,84.05612275929114,126.74255708611564,113.70488748560412,121.14819210389453
2025-11-19,3929.510009765625,125.96965838030734,22564.23046875,109.26918876403155,5612228.0,0.010000000000000231,100.2300033569336,101.56044267649267,52.81571960449219,111.72197992375969,121.4978,-10495.0,9797.0,23.65999984741211,39.51,152.72516428295322,True,True,False,False,6555283.0,1.129,941926.0,3.91,3.9,4.13,3.17,3929.510009765625,338200.0,871.3200073242188,700.0,22564.23046875,8434200000.0,6642.16015625,5021610000.0,23.65999984741211,0.0,100.2300033569336,0.0,52.81571960449219,20897700.0,560469.6875,4529736.0,13.140000343322754,30925100.0,3929.51,338242.0,871.32,748690.0,37.84,41.71,37.84,-5323.0,6256.0,3929.51,125.96965838030734,112.74991033765562,109.26918876403155,106.4788354909622,116.09421404177394,101.56044267649267,111.72197992375969,218.14409734501382,83.80102096672407,125.96965451800182,112.74990618408624,116.09421404177394
2025-11-20,4004.85009765625,128.38486157621176,22078.05078125,106.91482263041803,5606837.0,0.010000000000000231,100.16000366210938,101.48951381531872,52.089935302734375,110.18671618415385,121.6889,7406.0,17203.0,26.420000076293945,36.28,140.23965983764978,True,True,False,False,6555283.0,6.52,941926.0,3.91,3.9,4.1,3.17,4004.85009765625,360300.0,891.9400024414062,600.0,22078.05078125,10548620000.0,6538.759765625,5596080000.0,26.420000076293945,0.0,100.16000366210938,0.0,52.089935302734375,32026400.0,569445.1875,4670237.0,13.050000190734863,30496400.0,4004.85,360282.0,891.94,636595.0,36.33,36.43,34.88,23869.0,7566.0,4004.85,128.38486157621176,115.41816377047356,106.91482263041803,104.82124926538756,129.63690463321956,101.48951381531872,110.18671618415385,221.63751079695925,83.22704041292151,128.3848548283169,115.41816017288009,129.63690463321956
2025-11-21,3853.260009765625,123.52528581791975,22273.080078125,107.85926844629749,5610854.0,0.03000000000000025,100.18000030517578,101.50977589108297,52.08012771606445,110.16597003112891,121.8653,-28229.0,-11026.0,23.43000030517578,41.38,159.953614224971,True,True,False,False,6555283.0,2.503,941926.0,3.93,3.9,4.06,3.19,3853.260009765625,319300.0,863.9500122070312,800.0,22273.080078125,9931240000.0,6602.990234375,5929930000.0,23.43000030517578,0.0,100.18000030517578,0.0,52.08012771606445,40328800.0,519581.34375,6646712.0,10.56999969482422,54892277.0,3853.26,319324.0,863.95,752170.0,40.7,41.58,39.79,-22457.0,4935.0,3853.26,123.52528581791975,111.79622365346746,107.85926844629749,105.8509121091995,114.96565883221778,101.50977589108297,110.16597003112891,202.22967585495527,67.41071102744297,123.5252820244854,111.79621889517205,114.96565883221778
2025-11-24,3846.06005859375,123.29447449864026,22872.009765625,110.75963596250666,5612280.0,0.06000000000000005,100.13999938964844,101.46924400888841,52.629371643066406,111.32779494699241,121.9171,-7993.0,-19019.0,20.520000457763672,38.72,149.67143409354463,True,True,False,False,6555283.0,1.077,941926.0,3.96,3.9,4.04,3.15,3846.06005859375,373100.0,856.4400024414062,700.0,22872.009765625,9232160000.0,6705.1201171875,6039740000.0,20.520000457763672,0.0,100.13999938964844,0.0,52.629371643066406,33650600.0,518584.0625,6399162.0,10.920000076293944,27705911.0,3846.06,373120.0,856.44,707039.0,39.4,40.07,38.61,-9550.0,12719.0,3846.06,123.29447449864026,110.8244188967863,110.75963596250666,107.48813113657734,100.68695438058009,101.46924400888841,111.32779494699241,201.84151745329265,69.64285627398479,123.29446914640909,110.8244154298063,100.68695438058009
2025-11-25,3857.780029296875,123.6701856438036,23025.58984375,111.50336044140157,5611043.0,0.10999999999999988,99.66000366210938,100.98287688388604,52.81571960449219,111.72197992375969,121.6335,49.0,-18970.0,18.559999465942383,37.16,143.64128333977578,True,True,False,False,6555283.0,2.314,941926.0,4.01,3.9,4.01,3.1,3857.780029296875,279300.0,856.030029296875,700.0,23025.58984375,8498500000.0,6765.8798828125,5003330000.0,18.559999465942383,0.0,99.66000366210938,0.0,52.81571960449219,25248200.0,517586.78125,3716730.0,10.59000015258789,41949700.0,3857.78,279294.0,856.03,679352.0,36.98,37.92,36.79,-3796.0,315.0,3857.78,123.6701856438036,110.77136785365842,111.50336044140157,108.46215599238664,91.06967728277493,100.98287688388604,111.72197992375969,201.45335905163,67.53826496477974,123.67018122016664,110.7713609130553,91.06967728277493
2025-11-26,3960.8701171875,126.9749801656917,23214.689453125,112.4190912455439,5646808.0,0.1499999999999999,99.5999984741211,100.92207519526117,53.19823455810547,112.5311202381991,121.2437,5158.0,-13812.0,17.190000534057617,33.06,127.7928102048705,True,True,False,False,6552419.0,2.217,903394.0,4.05,3.9,4.0,3.0,3960.8701171875,295300.0,877.3200073242188,600.0,23214.689453125,7291400000.0,6812.60986328125,4485000000.0,17.190000534057617,0.0,99.5999984741211,0.0,53.19823455810547,22161600.0,522573.1875,5127393.0,10.960000038146973,20724119.0,3960.87,295327.0,877.32,623313.0,36.31,36.31,32.97,22918.0,12280.0,3960.87,126.9749801656917,113.52631792194082,112.4190912455439,109.21127281368852,84.34740550505012,100.92207519526117,112.5311202381991,203.3941510599432,69.89795806655188,126.97497283140082,113.5263137462959,84.34740550505012
2025-11-27,3986.909912109375,127.80974685732751,,,5646808.0,0.1499999999999999,,,,,121.2437,1546.0,-12266.0,,30.79,119.01816776188635,True,False,False,False,6552419.0,2.217,903394.0,4.05,3.9,4.0,3.0,3986.909912109375,257900.0,880.0599975585938,721100.0,,,,,,,,,,,542907.25,3654092.0,11.550000190734863,23691300.0,3986.91,257855.0,880.06,721127.0,32.06,32.16,30.77,4341.0,4326.0,3986.91,127.80974685732751,113.88087612174682,,,,,,211.30850541014095,73.6607140684962,127.80974607377678,113.88087319970496,
2025-11-28,3926.590087890625,125.87605343715238,23365.689453125,113.15032147855449,5641464.0,0.2200000000000002,99.45999908447266,100.78021747291331,53.27669525146485,112.6970894623987,121.0527,-20369.0,-32635.0,16.350000381469727,30.24,116.89215307305759,True,True,False,False,6552419.0,7.561,903394.0,4.12,3.9,4.02,2.95,3926.590087890625,241900.0,912.6699829101562,800.0,23365.689453125,4541070000.0,6849.08984375,2558540000.0,16.350000381469727,0.0,99.45999908447266,0.0,53.27669525146485,15057500.0,528935.375,2680138.0,11.3100004196167,12903200.0,3926.59,241923.0,912.67,802794.0,30.5,30.88,30.24,-1445.0,4587.0,3926.59,125.87605343715238,118.10064944681038,113.15032147855449,109.79607440649421,80.22571665726562,100.78021747291331,112.6970894623987,205.87041994705802,72.13010331309371,125.87604707300419,118.10064830031443,80.22571665726562
2025-12-01,3920.3701171875,125.67665768993174,23275.919921875,112.71560495369894,5645785.0,0.2200000000000002,99.41000366210938,100.72955841816969,53.23746490478516,112.61410485029887,120.9862,2235.0,-30400.0,17.239999771118164,31.55,121.95593351372244,True,True,False,False,6552419.0,3.24,903394.0,4.12,3.9,4.09,2.94,3920.3701171875,296900.0,922.3800048828124,800.0,23275.919921875,7859560000.0,6812.6298828125,4549370000.0,17.239999771118164,0.0,99.41000366210938,0.0,53.23746490478516,17854000.0,536919.25,3134704.0,11.5,14416410.0,3920.37,296915.0,922.38,847837.0,31.0,32.01,30.73,-462.0,-2333.0,3920.37,125.67665768993174,119.35713856400136,112.71560495369894,109.21159374186917,84.59274033880615,100.72955841816969,112.61410485029887,208.97787650364555,73.34183530726072,125.6766503922216,119.35713453849041,84.59274033880615
2025-12-02,3994.929931640625,128.0668473909931,23413.669921875,113.38267094440893,5643405.0,0.10999999999999988,99.36000061035156,100.67889163275998,53.257080078125,112.65559715634876,121.1467,12147.0,-18253.0,16.59000015258789,29.73,114.92075763432548,True,True,False,False,6552419.0,5.62,903394.0,4.01,3.9,4.09,2.92,3994.929931640625,319000.0,928.4199829101562,800.0,23413.669921875,7588580000.0,6829.3701171875,4582290000.0,16.59000015258789,0.0,99.36000061035156,0.0,53.257080078125,22523100.0,556879.125,2686580.0,12.260000228881836,14264100.0,3994.93,319035.0,928.42,783739.0,31.71,31.72,29.73,25822.0,3929.0,3994.93,128.0668473909931,120.13871935555895,113.38267094440893,109.47995232103086,81.40334070535778,100.67889163275998,112.65559715634876,216.74659087322382,78.18877544814178,128.06684597407843,120.13871815111479,81.40334070535778
2025-12-03,4036.300048828125,129.3930635136932,23454.08984375,113.5784078244813,5596100.0,0.050000000000000266,98.8499984741211,100.16211979811212,53.29631423950195,112.73858983774186,120.7336,2816.0,-15437.0,16.079999923706055,29.36,113.49052957093157,True,True,False,False,6535781.0,2.514,937167.0,3.95,3.9,4.06,2.89,4036.300048828125,290900.0,932.010009765625,800.0,23454.08984375,7962730000.0,6849.72021484375,4736780000.0,16.079999923706055,0.0,98.8499984741211,0.0,53.29631423950195,16750200.0,550891.1875,2586619.0,12.010000228881836,6236600.0,4036.3,290896.0,932.01,816178.0,29.48,29.78,28.89,3842.0,7364.0,4036.3,129.3930635136932,120.60327336862117,113.5784078244813,109.80617973042659,78.90088609356548,100.16211979811212,112.73858983774186,214.41598629276496,76.59438772407088,129.39305830269188,120.6032686758369,78.90088609356548
2025-12-04,4028.510009765625,129.14333554327612,23505.140625,113.82562553751976,5596381.0,0.020000000000000018,98.98999786376952,100.30397752045998,53.28650665283203,112.71784368471688,120.6766,-6960.0,-22397.0,15.779999732971191,28.4,109.77966756861228,True,True,False,False,6535781.0,2.233,937167.0,3.92,3.9,4.11,2.88,4028.510009765625,352000.0,929.8300170898438,800.0,23505.140625,7456860000.0,6857.1201171875,4872440000.0,15.779999732971191,0.0,98.98999786376952,0.0,53.28650665283203,14443500.0,540911.3125,2858305.0,11.5,13694600.0,4028.51,352043.0,929.83,754373.0,29.54,29.73,28.37,-11250.0,1318.0,4028.51,129.14333554327612,120.32117956076074,113.82562553751976,109.9248057445205,77.42885369371929,100.30397752045998,112.71784368471688,210.5316534340123,73.34183530726072,129.14333159155098,120.32117392823407,77.42885369371929
2025-12-05,4100.0498046875,131.43671143607435,23578.130859375,114.17908690235107,5597129.0,0.03000000000000025,98.98999786376952,100.30397752045998,53.68862915039063,113.56846016661963,120.6863,9934.0,-12463.0,15.40999984741211,26.95,104.17471975260919,True,True,False,False,6535781.0,1.485,937167.0,3.93,3.9,4.14,2.85,4100.0498046875,478500.0,924.739990234375,700.0,23578.130859375,8248280000.0,6870.39990234375,4944560000.0,15.40999984741211,0.0,98.98999786376952,0.0,53.68862915039063,20114400.0,542907.25,3204933.0,11.5,11316500.0,4100.05,478513.0,924.74,699774.0,28.42,28.42,26.64,16578.0,11528.0,4100.05,131.43671143607435,119.66252365162721,114.17908690235107,110.13769071352823,75.61334878304507,100.30397752045998,113.56846016661963,211.30850541014095,73.34183530726072,131.43671399399247,119.66252151295956,75.61334878304507
2025-12-08,4154.85009765625,133.19346333828568,23545.900390625,114.02300813960868,5596911.0,0.050000000000000266,99.08999633789062,100.40530336061333,53.57093048095703,113.31949019173366,120.776,3211.0,-9252.0,16.65999984741211,27.33,105.64360262852723,True,True,False,False,6535781.0,1.703,937167.0,3.95,3.9,4.17,2.89,4154.85009765625,395600.0,927.7899780273438,700.0,23545.900390625,8533670000.0,6846.509765625,4757130000.0,16.65999984741211,0.0,99.08999633789062,0.0,53.57093048095703,29055600.0,575840.9375,4288433.0,12.949999809265137,29233610.0,4154.85,395583.0,927.79,702958.0,28.06,28.26,27.26,-5114.0,-308.0,4154.85,133.19346333828568,120.0571959273669,114.02300813960868,109.75471380877251,81.74681321618581,100.40530336061333,113.31949019173366,224.12684276568302,82.58928289045056,133.19345645490654,120.05719535708278,81.74681321618581
2025-12-09,4143.5498046875,132.8312059470758,23576.490234375,114.17114203744359,5595403.0,0.03000000000000025,99.22000122070312,100.5370339104121,53.48266220092773,113.13277481450912,120.6832,-889.0,-10141.0,16.93000030517578,27.87,107.73096250483185,True,True,False,False,6535781.0,3.211,937167.0,3.93,3.9,4.18,2.89,4143.5498046875,400600.0,931.3499755859376,700.0,23576.490234375,7192600000.0,6840.509765625,4508050000.0,16.93000030517578,0.0,99.22000122070312,0.0,53.48266220092773,17789200.0,564863.0625,2391174.0,12.529999732971191,12134400.0,4143.55,400643.0,931.35,711666.0,27.51,27.96,27.44,-937.0,494.0,4143.55,132.8312059470758,120.51786411145507,114.17114203744359,109.65852928477476,83.07164377988597,100.5370339104121,113.13277481450912,219.85407175584783,79.91071102744296,132.83120846570347,120.51786384399385,83.07164377988597
2025-12-10,4135.0,132.5571219078378,23654.150390625,114.54721789274376,5675312.0,0.0,98.79000091552734,100.10132584015335,54.0809440612793,114.39833049549736,120.6752,3739.0,-6402.0,15.770000457763672,27.64,106.8419018167762,True,True,False,False,6539303.0,5.045,858946.0,3.9,3.9,4.13,2.91,4135.0,317900.0,935.0,800.0,23654.150390625,7987900000.0,6886.68017578125,5526570000.0,15.770000457763672,0.0,98.79000091552734,0.0,54.0809440612793,35022900.0,585820.875,3986083.0,13.350000381469728,19985513.0,4135.0,317902.0,935.0,770850.0,27.96,27.96,27.44,-30.0,-3003.0,4135.0,132.5571219078378,120.99018188443908,114.54721789274376,110.39867577205145,77.37978953464528,100.10132584015335,114.39833049549736,228.0111999504722,85.14030689822789,132.55711817298786,120.99017844433806,77.37978953464528
2025-12-11,4110.6201171875,131.7755675914955,23593.859375,114.25525356556551,5677483.0,0.010000000000000231,98.3499984741211,99.65548286667942,53.8259391784668,113.85891437826217,119.98,3656.0,-2746.0,14.850000381469728,27.4,105.91418631619635,True,True,False,False,6539303.0,2.874,858946.0,3.66,3.65,4.14,2.88,4110.6201171875,539800.0,934.6400146484376,900.0,23593.859375,8337770000.0,6901.0,5021060000.0,14.850000381469728,0.0,98.3499984741211,0.0,53.8259391784668,22013500.0,563865.0625,4021907.0,12.5,19027200.0,4110.62,539843.0,934.64,912428.0,27.15,27.99,26.52,23135.0,-7753.0,4110.62,131.7755675914955,120.9435993249083,114.25525356556551,110.6282333514201,72.86555933749675,99.65548286667942,113.85891437826217,219.4656336047653,79.71938620354427,131.77556012194614,120.94359399060548,72.86555933749675
2025-12-12,4167.16015625,133.58809113458662,23195.169921875,112.32456626948964,5679519.0,0.020000000000000018,98.4000015258789,99.70614965208911,53.19823455810547,112.5311202381991,120.1442,414.0,-2332.0,15.739999771118164,25.05,96.83030537301894,True,True,False,False,6539303.0,0.838,858946.0,3.67,3.65,4.19,2.91,4167.16015625,426600.0,937.3400268554688,1000.0,23195.169921875,8724070000.0,6827.41015625,4910160000.0,15.739999771118164,0.0,98.4000015258789,0.0,53.19823455810547,30590000.0,569853.0,2646148.0,12.850000381469728,13237600.0,4167.16,426616.0,937.34,1012037.0,26.79,26.93,25.04,12976.0,14184.0,4167.16,133.58809113458662,121.2929843174419,112.32456626948964,109.44853266939293,77.23258301903726,99.70614965208911,112.5311202381991,221.79623818522413,81.95153145008612,133.58808236172865,121.29297739359983,77.23258301903726
2025-12-15,4090.590087890625,131.1334580303532,23057.41015625,111.6574529879171,5677756.0,0.10000000000000009,98.1500015258789,99.45283118637278,53.04130554199219,112.19916565121335,119.9561,-9569.0,-11901.0,16.5,26.92,104.05875531503672,True,True,False,False,6539303.0,2.601,858946.0,3.75,3.65,4.18,2.91,4090.590087890625,346800.0,938.8300170898438,1000.0,23057.41015625,8649240000.0,6816.509765625,4975600000.0,16.5,0.0,98.1500015258789,0.0,53.04130554199219,29137000.0,552887.1875,2482125.0,11.93000030517578,12532210.0,4090.59,346845.0,938.83,991670.0,28.06,28.06,26.69,-16328.0,-4803.0,4090.59,131.1334580303532,121.4857909371885,111.6574529879171,109.27379118878373,80.96173051745772,99.45283118637278,112.19916565121335,215.19286259493006,76.08418413893672,131.13345151807553,121.48578527154856,80.96173051745772
2025-12-16,3999.1298828125,128.2014866750311,23111.4609375,111.91919845392928,5678803.0,0.040000000000000036,98.1500015258789,99.45283118637278,52.70604705810547,111.48998774193657,119.8902,-10305.0,-22206.0,16.479999542236328,28.37,109.66370313103981,True,True,False,False,6539303.0,1.554,858946.0,3.69,3.65,4.15,2.98,3999.1298828125,374000.0,916.1099853515624,900.0,23111.4609375,7759960000.0,6800.259765625,4983180000.0,16.479999542236328,0.0,98.1500015258789,0.0,52.70604705810547,38180700.0,528935.375,3287998.0,10.920000076293944,16118800.0,3999.13,373990.0,916.11,933444.0,26.85,28.64,26.59,-20025.0,-2309.0,3999.13,128.2014866750311,118.54579011105493,111.91919845392928,109.01329143628982,80.8635928403857,99.45283118637278,111.48998774193657,205.87041994705802,69.64285627398479,128.20148681962294,118.54578863598132,80.8635928403857
2025-12-17,4056.409912109375,130.03773234042177,22693.3203125,109.89431721783693,5713407.0,0.040000000000000036,98.37000274658205,99.67575267310974,52.32801055908203,110.69032077780886,120.155,-322.0,-22528.0,17.6200008392334,26.78,103.5175879396985,True,True,False,False,6556861.0,10.361,833093.0,3.69,3.65,4.16,2.99,4056.409912109375,361000.0,911.0700073242188,1000.0,22693.3203125,8616140000.0,6721.43017578125,5122120000.0,17.6200008392334,0.0,98.37000274658205,0.0,52.32801055908203,35740800.0,549893.1875,2692626.0,11.789999961853027,14931200.0,4056.41,360956.0,911.07,1005567.0,27.93,28.39,26.78,-2992.0,3353.0,4056.41,130.03773234042177,117.89361058354488,109.89431721783693,107.74959367361323,86.45731876747837,99.67575267310974,110.69032077780886,214.02754814168236,75.1913248238987,130.03773149409662,117.8936062837252,86.45731876747837
2025-12-18,3994.510009765625,128.05338581053937,23006.359375,111.41023527487862,5712060.0,0.010000000000000231,98.43000030517578,99.7365466310685,52.92491149902344,111.95295537462944,120.0528,-3459.0,-25987.0,16.8700008392334,27.86,107.6923076923077,True,True,False,False,6556861.0,11.708,833093.0,3.66,3.65,4.12,2.95,3994.510009765625,581400.0,901.3300170898438,900.0,23006.359375,7977920000.0,6774.759765625,5101190000.0,16.8700008392334,0.0,98.43000030517578,0.0,52.92491149902344,29985700.0,550891.1875,2959059.0,11.829999923706056,13967500.0,3994.51,581445.0,901.33,900507.0,28.23,28.51,27.74,-6948.0,-1006.0,3994.51,128.05338581053937,116.63324353540618,111.41023527487862,108.60450720929936,82.77724010759393,99.7365466310685,111.95295537462944,214.41598629276496,75.44642661646579,128.053381889524,116.63323800773821,82.77724010759393
2025-12-19,4020.550048828125,128.88816032867544,23307.619140625,112.86911109351891,5720721.0,0.010000000000000231,98.5999984741211,99.90880133239577,53.44222259521485,113.04723223643936,120.1652,-7573.0,-33560.0,14.90999984741211,27.27,105.4116737533823,True,True,False,False,6556861.0,3.047,833093.0,3.66,3.65,4.16,2.9,4020.550048828125,442700.0,915.27001953125,1000.0,23307.619140625,12874560000.0,6834.5,8554470000.0,14.90999984741211,0.0,98.5999984741211,0.0,53.44222259521485,28831700.0,545901.1875,3440005.0,11.81999969482422,18110877.0,4020.55,442664.0,915.27,973703.0,27.47,27.89,27.22,5771.0,8541.0,4020.55,128.88816032867544,118.43709747214979,112.86911109351891,109.56218821044497,73.15996300978878,99.90880133239577,113.04723223643936,212.47379553735212,75.3826496477974,128.88815513189996,118.43709157727196,73.15996300978878
2025-12-22,4105.93017578125,131.62522052142808,23428.830078125,113.45608527942326,5722245.0,0.03000000000000025,98.29000091552734,99.59468890872064,53.73072052001953,113.65749674868,119.9912,11017.0,-22543.0,14.079999923706056,27.19,105.10243525318903,True,True,False,False,6556861.0,1.523,833093.0,3.68,3.65,4.17,2.88,4105.93017578125,315600.0,929.1400146484376,1000.0,23428.830078125,7244910000.0,6878.490234375,4465030000.0,14.079999923706056,0.0,98.29000091552734,0.0,53.73072052001953,21645200.0,578834.9375,2878464.0,12.989999771118164,20459300.0,4105.93,315627.0,929.14,986662.0,27.24,27.53,27.04,14956.0,16055.0,4105.93,131.62522052142808,120.23189237264691,113.45608527942326,110.26738483609651,69.0873430005403,99.59468890872064,113.65749674868,225.29215721893073,82.84438468301765,131.62521117775478,120.23188705857994,69.0873430005403
2025-12-23,4117.31982421875,131.99034241173447,23561.83984375,114.10019628545407,5717875.0,0.010000000000000231,97.94000244140624,99.24004460285094,54.02917098999024,114.2888140470903,119.7057,9551.0,-12992.0,14.0,26.11,100.92771550057982,True,True,False,False,6556861.0,5.893,833093.0,3.66,3.65,4.18,2.83,4117.31982421875,385800.0,919.5599975585938,1000.0,23561.83984375,7518190000.0,6909.7900390625,3820560000.0,14.0,0.0,97.94000244140624,0.0,54.02917098999024,25319700.0,582826.9375,2011188.0,13.079999923706056,10186400.0,4117.32,385848.0,919.56,956469.0,26.8,26.83,26.02,1078.0,3527.0,4117.32,131.99034241173447,118.99222605162419,114.10019628545407,110.76914430527816,68.69480165117623,99.24004460285094,114.2888140470903,226.845909823261,83.41836523682021,131.9903443279338,118.99222298425187,68.69480165117623
2025-12-24,4108.6201171875,131.71145290133452,23613.310546875,114.34944750558198,5739308.0,0.010000000000000231,97.9800033569336,99.2805764850455,54.13859939575195,114.52028979414347,119.4372,5225.0,-7767.0,13.470000267028809,25.99,100.4638577502899,True,True,False,False,6581231.0,4.803,837120.0,3.66,3.65,4.15,2.84,4108.6201171875,363600.0,915.2000122070312,800.0,23613.310546875,3885190000.0,6932.0498046875,1798270000.0,13.470000267028809,0.0,97.9800033569336,0.0,54.13859939575195,9565300.0,586818.875,2160697.0,13.470000267028809,0.0,4108.62,363614.0,915.2,833835.0,26.08,26.09,25.78,2003.0,2039.0,4108.62,131.71145290133452,118.42803843590329,114.34944750558198,111.12598513210186,66.09421404177394,99.2805764850455,114.52028979414347,228.39963810155476,85.90561227592912,131.71144543359162,118.4280334890462,66.09421404177394
2025-12-25,,,,,5739308.0,0.010000000000000231,,,,,119.4372,,-7767.0,,,,False,False,False,False,6581231.0,4.803,837120.0,3.66,3.65,4.15,2.84,,,,,,,,,,,,,,,,,,,,,,,,,,,,,,,,,,,,,,,,
2025-12-26,4129.68017578125,132.38658246708977,23593.099609375,114.25157433645954,5723772.0,0.10999999999999988,98.0199966430664,99.32110063657397,54.51663589477539,115.31995675827116,119.4723,17790.0,10023.0,13.600000381469728,26.2,101.27560881329725,True,True,False,False,6581231.0,20.339,837120.0,3.76,3.65,4.14,2.86,4129.68017578125,510200.0,919.6699829101562,800.0,23593.099609375,5170300000.0,6929.93994140625,2586550000.0,13.600000381469728,0.0,98.0199966430664,0.0,54.51663589477539,11352000.0,597796.8125,4243548.0,,,4129.68,510162.0,919.67,829359.0,26.4,26.57,26.2,-166.0,4435.0,4129.68,132.38658246708977,119.00645829514309,114.25157433645954,111.0921624328673,66.73209490435602,99.32110063657397,115.31995675827116,232.67243343742646,,132.3865731019648,119.00645712289237,66.73209490435602
2025-12-29,4220.56005859375,135.29995023128484,23474.349609375,113.67651744791645,5733560.0,0.1200000000000001,98.04000091552734,99.34137044300428,54.37736129760742,115.02534686058901,119.5899,3337.0,13360.0,14.199999809265137,27.48,106.22342481638964,True,True,False,False,6581231.0,10.551,837120.0,3.77,3.65,4.12,2.87,4220.56005859375,502400.0,932.5900268554688,900.0,23474.349609375,6527530000.0,6905.740234375,3541750000.0,14.199999809265137,0.0,98.04000091552734,0.0,54.37736129760742,18816700.0,638714.4375,4176151.0,15.300000190734863,29340300.0,4220.56,502394.0,932.59,913419.0,27.17,27.54,26.73,3538.0,-3133.0,4220.56,135.29995023128484,120.67832831321614,113.67651744791645,110.7042228825863,69.67615502458636,99.34137044300428,115.02534686058901,248.5982516755926,97.57652992955948,135.2999445407946,120.67832140685051,69.67615502458636
2025-12-30,4214.169921875,135.09509941338032,23419.080078125,113.40887008225866,5731506.0,0.06000000000000005,98.23999786376952,99.54402212331092,54.596221923828125,115.48830642398859,119.4939,-4768.0,8592.0,14.329999923706056,28.85,111.51913413219947,True,True,False,False,6581231.0,12.605,837120.0,3.71,3.65,4.14,2.84,4214.169921875,408200.0,925.469970703125,800.0,23419.080078125,6769300000.0,6896.240234375,3309930000.0,14.329999923706056,0.0,98.23999786376952,0.0,54.596221923828125,24643000.0,649692.3125,4094603.0,16.299999237060547,18221700.0,4214.17,408198.0,925.47,818897.0,27.76,28.88,27.73,-10443.0,-3763.0,4214.17,135.09509941338032,119.75698404701347,113.40887008225866,110.55193071958986,70.31403588716844,99.54402212331092,115.48830642398859,252.8710226854278,103.95407474373654,135.09509811150187,119.75698443302838,70.31403588716844
2025-12-31,,,23241.990234375,112.55129758087377,5697319.0,0.2200000000000002,98.27999877929688,99.58455400550548,54.42710113525391,115.13056237567743,119.7456,,8592.0,14.949999809265137,,,False,True,False,False,6640618.0,105.993,837306.0,3.87,3.65,4.18,2.81,,,,,23241.990234375,5895130000.0,6845.5,3261830000.0,14.949999809265137,0.0,98.27999877929688,0.0,54.42710113525391,20000900.0,,,16.1200008392334,0.0,,,,,,,,,,,,,112.55129758087377,109.73852650444087,73.35623368447081,99.58455400550548,115.13056237567743,,102.8061258003444,,,73.35623368447081
2026-01-01,,,,,5697319.0,0.2200000000000002,,,,,119.7456,,8592.0,,,,False,False,False,False,6640618.0,105.993,837306.0,3.87,3.65,4.18,2.81,,,,,,,,,,,,,,,,,,,,,,,,,,,,,,,,,,,,,,,,
2026-01-02,4309.6298828125,138.15529232252413,23235.630859375,112.52050177118467,5797645.0,0.10000000000000009,98.41999816894533,99.72641172785337,55.94919204711914,118.35026687977133,119.6059,6309.0,14901.0,14.510000228881836,30.6,118.28372632392734,True,True,False,False,6640618.0,5.667,837306.0,3.75,3.65,4.19,2.83,4309.6298828125,406300.0,945.5700073242188,900.0,23235.630859375,7331460000.0,6858.47021484375,4184120000.0,14.510000228881836,0.0,98.41999816894533,0.0,55.94919204711914,38255900.0,675640.0625,4181895.0,17.5,12153800.0,4309.63,406339.0,945.57,884031.0,30.05,30.72,29.56,3194.0,-2477.0,4309.63,138.15529232252413,122.35795419318463,112.52050177118467,109.94644882792332,71.19725626296855,99.72641172785337,118.35026687977133,262.9703173094285,111.60714068496198,138.1552921866635,122.35794976643074,71.19725626296855
2026-01-05,4457.52001953125,142.89625746931836,23395.8203125,113.29623270584979,5796827.0,0.050000000000000266,98.2699966430664,99.57441910229034,56.56598281860352,119.65497477175803,119.6192,21726.0,36627.0,14.899999618530272,33.03,127.67684576729803,True,True,False,False,6640618.0,6.485,837306.0,3.7,3.65,4.17,2.81,4457.52001953125,513900.0,957.5,1100.0,23395.8203125,8737320000.0,6902.0498046875,5771930000.0,14.899999618530272,0.0,98.2699966430664,0.0,56.56598281860352,37082500.0,694601.9375,4337511.0,18.56999969482422,22820000.0,4457.52,513870.0,957.5,1096668.0,32.67,33.35,32.13,16988.0,-7046.0,4457.52,142.89625746931836,123.90171032550847,113.29623270584979,110.64506251211309,73.11089417125277,99.57441910229034,119.65497477175803,270.35059352792416,118.43111819771129,142.89625281703914,123.90170680262426,73.11089417125277
2026-01-06,4525.47998046875,145.0748733887486,23547.169921875,114.02915595173948,5800730.0,0.010000000000000231,98.58000183105467,99.88853925663152,56.98381042480469,120.53881253409781,119.7807,-6184.0,30443.0,14.75,34.33,132.7019713954387,True,True,False,False,6640618.0,2.582,837306.0,3.66,3.65,4.18,2.79,4525.47998046875,498400.0,955.969970703125,1000.0,23547.169921875,9012640000.0,6944.81982421875,5509680000.0,14.75,0.0,98.58000183105467,0.0,56.98381042480469,29801700.0,724541.625,4830275.0,19.56999969482422,18717436.0,4525.48,498391.0,955.97,1042711.0,32.98,34.41,32.83,-2553.0,-664.0,4525.48,145.0748733887486,123.7037226004631,114.02915595173948,111.33069817377776,72.37488031106068,99.88853925663152,120.53881253409781,282.0036164302186,124.80866909399484,145.07486992732598,123.70372287426082,72.37488031106068
2026-01-07,4551.06005859375,145.8949027803877,23584.279296875,114.20886122940921,5772872.0,0.0,98.68000030517578,99.98986509678485,56.556034088134766,119.63393005488167,119.8719,12548.0,42991.0,15.380000114440918,35.57,137.4951681484345,True,True,False,False,6573602.0,4.582,796148.0,3.65,3.65,4.15,2.79,4551.06005859375,553700.0,947.3900146484376,1100.0,23584.279296875,8396920000.0,6920.93017578125,5214480000.0,15.380000114440918,0.0,98.68000030517578,0.0,56.556034088134766,26931300.0,740509.5625,5693115.0,20.799999237060547,22116800.0,4551.06,553654.0,947.39,1072221.0,36.5,37.29,35.54,-9876.0,-9397.0,4551.06,145.8949027803877,122.5934654415143,114.20886122940921,110.94772909653865,75.46614694689906,99.98986509678485,119.63393005488167,288.21860252150316,132.65305377701247,145.89489679138043,122.59346006030098,75.46614694689906
2026-01-08,4552.3701171875,145.9368997808032,23480.01953125,113.70397452270988,5774371.0,-0.009999999999999787,98.93000030517578,100.24318356250122,56.575931549072266,119.67601948863435,120.0904,-979.0,42012.0,15.449999809265137,35.21,136.10359489756473,True,True,False,False,6573602.0,3.083,796148.0,3.64,3.65,4.19,2.76,4552.3701171875,440100.0,944.0599975585938,1000.0,23480.01953125,7723140000.0,6921.4599609375,5333200000.0,15.449999809265137,0.0,98.93000030517578,0.0,56.575931549072266,27719800.0,754481.375,6496379.0,21.68000030517578,31851657.0,4552.37,440086.0,944.06,971004.0,35.31,36.4,35.19,-6192.0,-14014.0,4552.37,145.9368997808032,122.16255702078864,113.70397452270988,110.95622195205115,75.8096194577271,100.24318356250122,119.67601948863435,293.6566636585495,138.26530537770125,145.93689191225263,122.16255386327464,75.8096194577271
2026-01-09,4586.31982421875,147.02523725448563,23671.349609375,114.63050655985742,5774174.0,-0.009999999999999787,99.12999725341795,100.44583524280786,56.84453582763672,120.24420263641564,120.2215,-16068.0,25944.0,14.489999771118164,34.16,132.04483958252803,True,True,False,False,6573602.0,3.28,796148.0,3.64,3.65,4.18,2.74,4586.31982421875,399200.0,947.9199829101562,900.0,23671.349609375,8124420000.0,6966.27978515625,5163900000.0,14.489999771118164,0.0,99.12999725341795,0.0,56.84453582763672,31540700.0,742505.5,4343703.0,20.940000534057617,20705460.0,4586.32,399220.0,947.92,924589.0,35.26,35.47,33.98,-34.0,12046.0,4586.32,147.02523725448563,122.66204400448576,114.63050655985742,111.67471752840841,71.09911858589653,100.44583524280786,120.24420263641564,288.9954544976318,133.54591917415698,147.02523874707077,122.66204272829617,71.09911858589653
2026-01-12,4624.7900390625,148.25849020705243,23733.900390625,114.93341399262849,5774052.0,-0.009999999999999787,98.86000061035156,100.17225470132726,57.64039611816406,121.92769929358987,119.9958,-3512.0,22432.0,15.119999885559082,33.5,129.4936219559335,True,True,False,False,6573602.0,3.402,796148.0,3.64,3.65,4.19,2.74,4624.7900390625,394800.0,949.8099975585938,1100.0,23733.900390625,8707170000.0,6977.27001953125,5019040000.0,15.119999885559082,0.0,98.86000061035156,0.0,57.64039611816406,47304300.0,747495.4375,3329793.0,21.280000686645508,30080330.0,4624.79,394753.0,949.81,1083537.0,35.12,35.22,33.2,5998.0,2101.0,4624.79,148.25849020705243,122.9066142890619,114.93341399262849,111.85089927207225,74.1903852217349,100.17225470132726,121.92769929358987,290.9376209270081,135.71428745203045,148.25848477757012,122.9066111103922,74.1903852217349
2026-01-13,4692.64013671875,150.43358420136394,23709.869140625,114.81704063807858,5774177.0,0.0,99.12999725341795,100.44583524280786,57.21261978149414,121.02281681437374,120.1401,-2793.0,19639.0,15.979999542236328,32.52,125.7054503285659,True,True,False,False,6573602.0,3.277,796148.0,3.65,3.65,4.18,2.75,4692.64013671875,429200.0,948.97998046875,1100.0,23709.869140625,9416400000.0,6963.740234375,5091730000.0,15.979999542236328,0.0,99.12999725341795,0.0,57.21261978149414,34414900.0,736517.5625,3771944.0,20.559999465942383,27920272.0,4692.64,429151.0,948.98,1107522.0,33.54,33.59,32.24,-1609.0,7881.0,4692.64,150.43358420136394,122.7992090284551,114.81704063807858,111.63400661456461,78.4102070671294,100.44583524280786,121.02281681437374,286.6648499171729,131.12244302160997,150.43357557999752,122.79920806428655,78.4102070671294
2026-01-14,4723.10009765625,151.4100496802757,23471.75,113.66392862030705,5799302.0,-0.009999999999999787,99.12999725341795,100.44583524280786,57.45138168334961,121.5278738808193,119.9537,-3760.0,15879.0,16.75,31.57,122.03324313877077,True,True,False,False,6581700.0,3.223,779175.0,3.64,3.65,4.15,2.76,4723.10009765625,550400.0,942.1799926757812,900.0,23471.75,12165220000.0,6926.60009765625,5530830000.0,16.75,0.0,99.12999725341795,0.0,57.45138168334961,45156200.0,740509.5625,4885051.0,20.739999771118164,21719135.0,4723.1,550416.0,942.18,948433.0,32.56,32.63,31.47,3258.0,5887.0,4723.1,151.4100496802757,121.91928201253717,113.66392862030705,111.03862221931387,82.18842340408587,100.44583524280786,121.5278738808193,288.21860252150316,132.27040412921508,151.41004228363698,121.91927949378227,82.18842340408587
2026-01-15,4797.5498046875,153.7967096297181,23530.01953125,113.94610373893855,5800522.0,0.010000000000000231,99.31999969482422,100.63835975056543,57.78962326049805,122.24336197744165,119.9951,3450.0,19329.0,15.84000015258789,32.39,125.20293776575184,True,True,False,False,6581700.0,2.003,779175.0,3.66,3.65,4.17,2.71,4797.5498046875,545200.0,951.1599731445312,1000.0,23530.01953125,9740630000.0,6944.47021484375,5114050000.0,15.84000015258789,0.0,99.31999969482422,0.0,57.78962326049805,60438100.0,747495.4375,3003414.0,21.479999542236328,23791828.0,4797.55,545175.0,951.16,951960.0,31.51,33.0,30.76,8880.0,12905.0,4797.55,153.7967096297181,123.08130283631553,113.94610373893855,111.32509367189117,77.72326204547333,100.63835975056543,122.24336197744165,290.9376209270081,136.98979033275936,153.7967115576343,123.08130281188939,77.72326204547333
2026-01-16,4840.740234375,155.18128013838503,23515.390625,113.87526202684664,5801303.0,0.0,99.38999938964844,100.70928861173938,57.57075881958008,121.78039434474877,120.0838,4350.0,23679.0,15.859999656677246,31.62,122.22651720139157,True,True,False,False,6581700.0,1.222,779175.0,3.65,3.65,4.24,2.65,4840.740234375,720900.0,954.5900268554688,1200.0,23515.390625,9514500000.0,6940.009765625,5356550000.0,15.859999656677246,0.0,99.38999938964844,0.0,57.57075881958008,30624000.0,754481.375,3712326.0,21.920000076293945,22152210.0,4840.74,720906.0,954.59,1222180.0,33.45,33.51,31.32,17410.0,3083.0,4840.74,155.18128013838503,123.52515612226176,113.87526202684664,111.25358930773757,77.82139504308334,100.70928861173938,121.78039434474877,293.6566636585495,139.79591613310376,155.18126825265034,123.52514913495258,77.82139504308334
2026-01-19,4904.66015625,157.23038313145005,,,5801303.0,0.0,,,,,120.0838,5532.0,29211.0,,32.99,127.5222265172014,True,False,False,False,6581700.0,1.222,779175.0,3.65,3.65,4.24,2.65,4904.66015625,570800.0,968.3599853515624,1300.0,,,,,,,,,,,762465.3125,3392008.0,21.920000076293945,25289600.0,4904.66,570841.0,968.36,1281388.0,33.28,33.56,32.39,13659.0,-256.0,4904.66,157.23038313145005,125.3070061575383,,,,,,296.76414454117355,139.79591613310376,157.23037369246106,125.30700449022373,
2026-01-20,4885.75,156.6241737270178,22954.3203125,111.15823172655061,5799019.0,-0.009999999999999787,98.63999938964844,99.94933321459033,57.01365661621094,120.60194668472681,119.4455,1232.0,30443.0,20.09000015258789,34.56,133.59103208349438,True,True,False,False,6581700.0,3.506,779175.0,3.64,3.65,4.3,2.73,4885.75,667700.0,976.3699951171876,1400.0,22954.3203125,9469480000.0,6796.85986328125,5769500000.0,20.09000015258789,0.0,98.63999938964844,0.0,57.01365661621094,37026900.0,741507.5,2762369.0,20.559999465942383,25691022.0,4885.75,667709.0,976.37,1390666.0,33.17,34.56,32.77,31737.0,-6500.0,4885.75,156.6241737270178,126.34351154624323,111.15823172655061,108.9587884381944,98.57704111815183,99.94933321459033,120.60194668472681,288.6070163465492,131.12244302160997,156.624169314069,126.34350858577363,98.57704111815183
2026-01-21,4909.93017578125,157.3993259661443,23224.8203125,112.46815078634773,5711975.0,-0.020000000000000018,98.76000213623048,100.07092886117397,57.958744049072266,122.60110602575283,119.3431,4394.0,34837.0,16.899999618530273,35.58,137.53382296095862,True,True,False,False,6584580.0,3.344,869261.0,3.63,3.65,4.26,2.69,4909.93017578125,600100.0,951.2899780273438,1600.0,23224.8203125,9162740000.0,6875.6201171875,5835520000.0,16.899999618530273,0.0,98.76000213623048,0.0,57.958744049072266,44193800.0,738513.5625,5108442.0,20.559999465942383,30170115.0,4909.93,600101.0,951.29,1565807.0,35.59,36.1,34.79,-19760.0,3217.0,4909.93,157.3993259661443,123.09812563248383,112.46815078634773,110.22137469351358,82.92443726427796,100.07092886117397,122.60110602575283,287.441726219338,131.12244302160997,157.39931589627528,123.09812497573726,82.92443726427796
2026-01-22,4952.52978515625,158.76495634417284,23436.01953125,113.49090081242865,5713261.0,-0.009999999999999787,98.36000061035156,99.66561776989458,58.39646911621094,123.52703322184529,119.1962,-2432.0,32405.0,15.640000343322754,36.36,140.54889833784304,True,True,False,False,6584580.0,2.058,869261.0,3.64,3.65,4.26,2.64,4952.52978515625,568600.0,970.3499755859376,1400.0,23436.01953125,9034850000.0,6913.35009765625,5307580000.0,15.640000343322754,0.0,98.36000061035156,0.0,58.39646911621094,33731400.0,753483.4375,3545309.0,21.520000457763672,32936200.0,4952.53,568624.0,970.35,1444825.0,37.3,37.65,34.22,35422.0,-1568.0,4952.53,158.76495634417284,125.56451340930867,113.49090081242865,110.82621472881881,76.7419086720632,99.66561776989458,123.52703322184529,293.2682498335035,137.24489820743293,158.76495875822673,125.5645129983566,76.7419086720632
2026-01-23,4990.06982421875,159.9683903307346,23501.240234375,113.80673756701943,5714392.0,0.0,97.5999984741211,98.89552746953036,58.764556884765625,124.30565546909666,118.8976,1438.0,33843.0,16.09000015258789,34.09,131.77425589485892,True,True,False,False,6584580.0,0.927,869261.0,3.65,3.65,4.24,2.68,4990.06982421875,612600.0,993.9299926757812,1500.0,23501.240234375,8228760000.0,6915.60986328125,4871930000.0,16.09000015258789,0.0,97.5999984741211,0.0,58.764556884765625,31584700.0,765459.3125,3508272.0,21.920000076293945,24287250.0,4990.07,612602.0,993.93,1452895.0,36.02,36.22,34.09,19110.0,4790.0,4990.07,159.9683903307346,128.61579742699675,113.80673756701943,110.86244047565002,78.94995493210148,98.89552746953036,124.30565546909666,297.9294589944212,139.79591613310376,159.9683914586412,128.61579471784054,78.94995493210148
2026-01-26,4949.58984375,158.67070962799627,23601.359375,114.29157294799981,5713830.0,0.010000000000000231,97.04000091552734,98.32809658013888,58.864036560058594,124.51608649927348,118.0525,-1588.0,32255.0,16.149999618530273,34.35,132.77928102048705,True,True,False,False,6584580.0,1.489,869261.0,3.66,3.65,4.22,2.69,4949.58984375,446900.0,1064.4100341796875,1500.0,23601.359375,7505250000.0,6950.22998046875,4968050000.0,16.149999618530273,0.0,97.04000091552734,0.0,58.864036560058594,37945000.0,734521.5625,3133330.0,20.6200008392334,36273780.0,4949.59,446903.0,1064.41,1547814.0,35.15,35.2,34.28,4557.0,-15414.0,4949.59,158.67070962799627,137.73600388772448,114.29157294799981,111.41742705772104,79.24435860439351,98.32809658013888,124.51608649927348,285.88797361500775,131.50510483362035,158.67071016634557,137.73599554859666,79.24435860439351
2026-01-27,5084.85009765625,163.006794263144,23817.099609375,115.336313225164,5714066.0,0.010000000000000231,96.22000122070312,97.4972123218159,60.02798843383789,126.97821347299237,117.4523,8448.0,40703.0,16.350000381469727,34.81,134.55740239659838,True,True,False,False,6584580.0,1.253,869261.0,3.66,3.65,4.24,2.71,5084.85009765625,476200.0,1082.5899658203125,1300.0,23817.099609375,8026050000.0,6978.60009765625,5331720000.0,16.350000381469727,0.0,96.22000122070312,0.0,60.02798843383789,62222300.0,798393.0,5660198.0,23.479999542236328,34440518.0,5084.85,476156.0,1082.59,1322259.0,34.5,34.84,33.61,-985.0,2474.0,5084.85,163.006794263144,140.08851002231904,115.336313225164,111.87222142729442,80.22571665726562,97.4972123218159,126.97821347299237,310.7477963499634,149.74489212532646,163.00678653976235,140.0885104620919,80.22571665726562
2026-01-28,5170.81005859375,165.7624423940231,23857.44921875,115.53170961102603,5663423.0,-0.009999999999999787,96.4499969482422,97.73026098110195,60.43586730957031,127.8410065184558,117.5117,4008.0,44711.0,16.350000381469727,38.68,149.516814843448,True,True,False,False,6587568.0,1.103,923042.0,3.64,3.65,4.26,2.72,5170.81005859375,593100.0,1133.52001953125,1600.0,23857.44921875,8151580000.0,6978.02978515625,5507670000.0,16.350000381469727,0.0,96.4499969482422,0.0,60.43586730957031,52067700.0,839310.625,6708497.0,28.399999618530277,42861871.0,5170.81,593109.0,1133.52,1596894.0,37.72,38.97,36.94,13507.0,-14021.0,5170.81,165.7624423940231,146.67892335052287,115.53170961102603,111.86307888790401,80.22571665726562,97.73026098110195,127.8410065184558,326.6736145881295,181.12244302161,165.76243584523996,146.6789166526482,80.22571665726562
2026-01-29,5221.25,167.37941300152312,23685.119140625,114.69718667604538,5661674.0,0.0,96.27999877929688,97.55800627977467,60.127471923828125,127.18865257246246,117.4396,-14897.0,29814.0,16.8799991607666,38.92,150.44453034402784,True,True,False,False,6587568.0,2.852,923042.0,3.65,3.65,4.24,2.77,5221.25,699700.0,1164.4100341796875,1500.0,23685.119140625,8782210000.0,6969.009765625,6877780000.0,16.8799991607666,0.0,96.27999877929688,0.0,60.127471923828125,70851900.0,859270.5,6837983.0,27.299999237060547,56381547.0,5221.25,699659.0,1164.41,1540156.0,39.51,40.52,38.54,28649.0,-1673.0,5221.25,167.37941300152312,150.67613029247735,114.69718667604538,111.71848117372672,82.82629958720594,97.55800627977467,127.18865257246246,334.4423289577078,174.1071346028555,167.3794082855412,150.67612158542426,82.82629958720594
2026-01-30,5224.35986328125,167.4791069618833,23461.8203125,113.61584327127163,5654897.0,0.03000000000000025,96.98999786376952,98.27742979472916,58.79439926147461,124.3687815504324,117.8996,-19729.0,10085.0,17.440000534057617,39.58,152.99574797062232,True,True,False,False,6587568.0,9.629,923042.0,3.68,3.65,4.26,2.8,5224.35986328125,862500.0,1149.43994140625,1500.0,23461.8203125,9255930000.0,6939.02978515625,6697340000.0,17.440000534057617,0.0,96.98999786376952,0.0,58.79439926147461,73861200.0,907174.0625,7875195.0,29.600000381469727,48307401.0,5224.36,862541.0,1149.44,1465198.0,38.96,40.05,38.62,-20362.0,-4241.0,5224.36,167.4791069618833,148.73898136468574,113.61584327127163,111.23787948191858,85.57409839167826,98.27742979472916,124.3687815504324,353.08718992741535,188.77550896283543,167.47910662593247,148.73898471771116,85.57409839167826
2026-02-02,4949.669921875,158.6732767200828,23592.109375,114.24677904299752,5654111.0,0.040000000000000036,97.61000061035156,98.90566237274552,58.97346878051758,124.74757031561991,118.3609,-25168.0,-15083.0,16.34000015258789,47.37,183.1078469269424,True,True,False,False,6587568.0,10.415,923042.0,3.69,3.65,4.29,2.81,4949.669921875,572500.0,1098.3599853515625,1200.0,23592.109375,8882530000.0,6976.43994140625,5772050000.0,16.34000015258789,0.0,97.61000061035156,0.0,58.97346878051758,44512300.0,828332.75,7634191.0,25.899999618530277,72267956.0,4949.67,572544.0,1098.36,1243911.0,41.98,47.37,41.61,-25149.0,-22126.0,4949.67,158.6732767200828,142.12917048371702,114.24677904299752,111.83759249384993,80.17664781872962,98.90566237274552,124.74757031561991,322.4008435782943,165.17856578090115,158.67327475387975,142.12916833809962,80.17664781872962
2026-02-03,5288.080078125,169.52180787773256,23255.189453125,112.61521591068913,5662741.0,0.040000000000000036,97.44000244140624,98.73340767141823,59.29181289672852,125.42096897848963,117.9764,7038.0,-8045.0,18.0,50.14,193.81522999613452,True,True,False,False,6587568.0,1.785,923042.0,3.69,3.65,4.28,2.85,5288.080078125,672600.0,1144.3299560546875,1200.0,23255.189453125,10306320000.0,6917.81005859375,7017660000.0,18.0,0.0,97.44000244140624,0.0,59.29181289672852,41132300.0,905178.0625,5272538.0,29.600000381469727,43798257.0,5288.08,672610.0,1144.33,1166573.0,48.77,50.25,45.08,26449.0,21708.0,5288.08,169.52180787773256,148.07774280092923,112.61521591068913,110.89771126545583,88.3218878372266,98.73340767141823,125.42096897848963,352.3103136252503,188.77550896283543,169.52180059690775,148.07774427722927,88.3218878372266
2026-02-04,5371.10009765625,172.18320929243507,22904.580078125,110.91736044726564,5694722.0,0.0,97.62000274658205,98.9157972759607,58.49595260620117,123.73747232131538,118.2602,-9413.0,-17458.0,18.63999938964844,50.7,195.97989949748745,True,True,False,False,6605909.0,2.414,908773.0,3.65,3.65,4.29,2.86,5371.10009765625,789900.0,1149.4300537109375,1200.0,22904.580078125,10862000000.0,6882.72021484375,7475750000.0,18.63999938964844,0.0,97.62000274658205,0.0,58.49595260620117,50852400.0,898192.125,3800763.0,29.280000686645508,21487490.0,5371.1,789920.0,1149.43,1179457.0,49.93,52.4,49.66,29602.0,17836.0,5371.1,172.18320929243507,148.7377018844138,110.91736044726564,110.33519461241426,91.46221863213898,98.9157972759607,123.73747232131538,349.5912708937088,186.73469462229878,172.18320131050424,148.73769070510747,91.46221863213898
2026-02-05,5163.56982421875,165.5303397022001,22540.58984375,109.15470704398342,5695388.0,0.0,97.81999969482422,99.11844895626733,58.22734832763672,123.16928917353411,118.5034,-50108.0,-67566.0,21.770000457763672,52.21,201.8167761886355,True,True,False,False,6605909.0,1.748,908773.0,3.65,3.65,4.21,2.97,5163.56982421875,911900.0,1108.4100341796875,1400.0,22540.58984375,10109230000.0,6798.39990234375,6989120000.0,21.770000457763672,0.0,97.81999969482422,0.0,58.22734832763672,50880900.0,840308.6875,5473720.0,25.940000534057617,58889106.0,5163.57,911910.0,1108.41,1370412.0,51.08,52.68,48.69,-39787.0,-20693.0,5163.57,165.5303397022001,143.42965950581575,109.15470704398342,108.98347642555515,106.82041881372082,99.11844895626733,123.16928917353411,327.0620770652486,165.43367365557472,165.53034067339658,143.4296510048008,106.82041881372082
2026-02-06,5089.14013671875,163.14432152577936,23031.2109375,111.53058106188227,5694025.0,-0.009999999999999787,97.62999725341795,98.92592444850973,59.75938415527344,126.41003032521108,118.2407,-33233.0,-100799.0,20.3700008392334,51.48,198.99497487437182,True,True,False,False,6605909.0,3.111,908773.0,3.64,3.65,4.22,2.87,5089.14013671875,745800.0,1080.77001953125,1500.0,23031.2109375,9054400000.0,6932.2998046875,6283680000.0,20.3700008392334,0.0,97.62999725341795,0.0,59.75938415527344,37534800.0,837314.6875,5581574.0,25.040000915527344,45838463.0,5089.14,745764.0,1080.77,1476136.0,52.65,54.24,51.48,-25499.0,9414.0,5089.14,163.14432152577936,139.85300667201574,111.53058106188227,111.12999282060176,99.950940520388,98.92592444850973,126.41003032521108,325.8967626120009,159.69388028176212,163.1443125462828,139.85300016822166,99.950940520388
2026-02-09,5298.0400390625,169.84109778249422,23238.669921875,112.53521868760859,5695830.0,-0.020000000000000018,96.81999969482422,98.10517509340193,60.19710922241211,127.33595752130353,117.6392,4320.0,-96479.0,17.360000610351562,47.16,182.29609586393505,True,True,False,False,6605909.0,1.306,908773.0,3.63,3.65,4.22,2.84,5298.0400390625,617700.0,1127.550048828125,1100.0,23238.669921875,8174050000.0,6964.81982421875,5650260000.0,17.360000610351562,0.0,96.81999969482422,0.0,60.19710922241211,35324300.0,885218.3125,4228584.0,27.84000015258789,25255500.0,5298.04,617658.0,1127.55,1134871.0,52.48,56.42,47.16,11919.0,27123.0,5298.04,169.84109778249422,145.90640159521178,112.53521868760859,111.6513132537703,85.18155704231422,98.10517509340193,127.33595752130353,344.54164790774496,177.55101792567086,169.8410917449133,145.9063911282496,85.18155704231422
2026-02-10,5301.68994140625,169.9581039614379,23102.470703125,111.87566248587066,5695689.0,0.0,96.8000030517578,98.08491301763766,60.2866439819336,127.52535190389732,117.5216,1474.0,-95005.0,17.790000915527344,42.0,162.35021260146885,True,True,False,False,6605909.0,1.447,908773.0,3.65,3.65,4.16,2.86,5301.68994140625,712300.0,1115.199951171875,1300.0,23102.470703125,8513440000.0,6941.81005859375,5595950000.0,17.790000915527344,0.0,96.8000030517578,0.0,60.2866439819336,32247100.0,874240.375,3441377.0,27.600000381469727,21243123.0,5301.69,712268.0,1115.2,1341864.0,46.42,46.86,41.86,32441.0,5643.0,5301.69,169.9581039614379,144.30828334738263,111.87566248587066,111.28244936144685,87.29147030474248,98.08491301763766,127.52535190389732,340.26885257187325,176.02040717026836,169.95810105116033,144.3082855627014,87.29147030474248
2026-02-11,5354.490234375,171.65074117348823,23066.470703125,111.70132945018602,5706028.0,0.0,96.83000183105467,98.11530999661706,61.24168014526367,129.54555596179964,117.4601,8461.0,-86544.0,17.649999618530273,38.88,150.28991109393118,True,True,False,False,6622382.0,1.048,915306.0,3.65,3.65,4.18,2.84,5354.490234375,753800.0,1114.8699951171875,1300.0,23066.470703125,9927010000.0,6941.47021484375,6175510000.0,17.649999618530273,0.0,96.83000183105467,0.0,61.24168014526367,38158900.0,858272.5,3125590.0,26.780000686645508,23203985.0,5354.49,753767.0,1114.87,1313253.0,41.08,41.33,38.73,2210.0,6927.0,5354.49,171.65074117348823,144.2655866168259,111.70132945018602,111.27700140989229,86.6045159241624,98.11530999661706,129.54555596179964,334.05389080662525,170.79081738158993,171.65072882371987,144.26558314677985,86.6045159241624
2026-02-12,5522.27001953125,177.0293156437731,22597.150390625,109.42860626166961,5704232.0,0.0,96.93000030517578,98.21663583677041,60.5452995300293,128.07249033480224,117.5376,29954.0,-56590.0,20.81999969482422,40.51,156.59064553536913,True,True,False,False,6622382.0,2.844,915306.0,3.65,3.65,4.09,2.92,5522.27001953125,750600.0,1125.989990234375,1600.0,22597.150390625,8855290000.0,6832.759765625,7118700000.0,20.81999969482422,0.0,96.93000030517578,0.0,60.5452995300293,48070600.0,886216.25,4619344.0,28.5,44363342.0,5522.27,750615.0,1125.99,1576134.0,40.61,41.91,39.13,18617.0,13800.0,5522.27,177.0293156437731,145.7045280411923,109.42860626166961,109.53429094127767,102.15898210096425,98.21663583677041,128.07249033480224,344.930061732791,181.76020054408093,177.0293100297813,145.70452516207507,102.15898210096425
2026-02-13,5507.009765625,176.54011241828448,22546.669921875,109.18415033500375,5706699.0,0.010000000000000231,96.87999725341795,98.16596905136069,60.803955078125,128.61962876570718,117.5258,-9220.0,-65810.0,20.600000381469727,41.57,160.68805566293003,True,True,False,False,6622382.0,0.377,915306.0,3.66,3.65,4.04,2.95,5507.009765625,1290700.0,1106.0799560546875,1500.0,22546.669921875,7964830000.0,6836.169921875,5718360000.0,20.600000381469727,0.0,96.87999725341795,0.0,60.803955078125,40091300.0,878232.3125,3534047.0,27.600000381469727,25919424.0,5507.01,1290659.0,1106.08,1466899.0,40.65,41.93,40.14,5624.0,831.0,5507.01,176.54011241828448,143.12814445111127,109.18415033500375,109.58895831722168,101.07949572994413,98.16596905136069,128.61962876570718,341.822580850167,176.02040717026836,176.54011495763623,143.1281460681427,101.07949572994413
2026-02-16,,,,,5706699.0,0.010000000000000231,,,,,117.5258,,-65810.0,,,,False,False,False,False,6622382.0,0.377,915306.0,3.66,3.65,4.04,2.94,,,,,,,,,,,,,,,,,28.31999969482422,0.0,,,,,,,,,,,,,,,,,,,180.61223943647582,,,
2026-02-17,,,22578.380859375,109.33771322385877,5706635.0,0.06000000000000005,97.16000366210938,98.44969222672252,60.55524826049805,128.09353505167857,117.7375,,-65810.0,20.290000915527344,,,False,True,False,False,6622382.0,0.441,915306.0,3.71,3.65,4.05,2.94,,,,,22578.380859375,7654300000.0,6843.22021484375,5418480000.0,20.290000915527344,0.0,97.16000366210938,0.0,60.55524826049805,38127200.0,,,,,,,,,,,,,,,,,109.33771322385877,109.70197982942902,99.55839917102395,98.44969222672252,128.09353505167857,,,,,99.55839917102395
2026-02-18,,,22753.630859375,110.18637612674027,5699812.0,0.08000000000000007,97.6999969482422,98.9968533096837,60.87359237670898,128.76693371454826,117.8426,,-65810.0,19.6200008392334,,,False,True,False,False,6613395.0,0.856,912727.0,3.73,3.65,4.09,2.86,,,,,22753.630859375,7705590000.0,6881.31005859375,5098160000.0,19.6200008392334,0.0,97.6999969482422,0.0,60.87359237670898,29966900.0,,,,,,,,,,,,,,,,,110.18637612674027,110.31258874446948,96.27086186050356,98.9968533096837,128.76693371454826,,,,,96.27086186050356
2026-02-19,5677.25,181.99756235822784,22682.73046875,109.84303500649351,5700036.0,0.020000000000000018,97.93000030517578,99.22990969963581,60.724369049072266,128.45127909998976,118.2354,-9396.0,-75206.0,20.229999542236328,42.56,164.51488210282182,True,True,False,False,6613395.0,0.632,912727.0,3.67,3.65,4.08,2.88,5677.25,1185800.0,1160.7099609375,1400.0,22682.73046875,6984780000.0,6861.89013671875,5151690000.0,20.229999542236328,0.0,97.93000030517578,0.0,60.724369049072266,38043800.0,892204.1875,3285109.0,,,5677.25,1185838.0,1160.71,1351785.0,44.34,45.23,42.39,15968.0,16542.0,5677.25,181.99756235822784,150.19733613786985,109.84303500649351,110.00127275419938,99.26398613980791,99.22990969963581,128.45127909998976,347.2606663132499,,181.9975572303737,150.19733692206162,99.26398613980791
2026-02-20,5808.52978515625,186.2060437330747,22886.0703125,110.82772534639847,5700172.0,0.010000000000000231,97.8000030517578,99.09818688050306,62.01764678955078,131.18697125451448,117.9917,-7420.0,-82626.0,19.09000015258789,43.87,169.57866254348664,True,True,False,False,6613395.0,0.496,912727.0,3.66,3.65,4.08,2.86,5808.52978515625,1749300.0,1154.0,1300.0,22886.0703125,8063070000.0,6909.509765625,5432480000.0,19.09000015258789,0.0,97.8000030517578,0.0,62.01764678955078,56421600.0,947093.6875,5054333.0,31.780000686645508,51327389.0,5808.53,1749303.0,1154.0,1331918.0,42.5,43.88,41.98,-36474.0,16150.0,5808.53,186.2060437330747,149.32905871084782,110.82772534639847,110.76465131074897,93.67026957163924,99.09818688050306,131.18697125451448,368.6245700144989,202.67857186300762,186.20604537396494,149.3290544649905,93.67026957163924
2026-02-23,5846.08984375,187.41011949265805,22627.26953125,109.57446073992986,5699791.0,0.010000000000000231,97.6999969482422,98.9968533096837,61.33121490478516,129.7349503443934,117.9395,-11132.0,-93758.0,21.01000022888184,46.34,179.126401236954,True,True,False,False,6613395.0,0.877,912727.0,3.66,3.65,4.03,2.95,5846.08984375,1477800.0,1151.989990234375,1400.0,22627.26953125,8263920000.0,6837.75,5638350000.0,21.01000022888184,0.0,97.6999969482422,0.0,61.33121490478516,36573400.0,949089.75,3523887.0,32.15999984741211,39940810.0,5846.09,1477789.0,1151.99,1433817.0,46.04,46.46,45.22,-18756.0,-1271.0,5846.09,187.41011949265805,149.06896090642806,109.57446073992986,109.61428816094376,103.09127131530038,98.9968533096837,129.7349503443934,369.4014706427006,205.10203585134167,187.41011922126302,149.06895793165026,103.09127131530038
2026-02-24,5969.64013671875,191.3708138691533,22863.6796875,110.71929685675607,5699751.0,0.020000000000000018,97.87999725341795,99.1792429142261,62.296199798583984,131.77619911917208,117.9463,-2013.0,-95771.0,19.549999237060547,48.12,186.00695786625434,True,True,False,False,6613395.0,0.917,912727.0,3.67,3.65,4.04,2.97,5969.64013671875,1602000.0,1165.0,1300.0,22863.6796875,7932270000.0,6890.06982421875,5266090000.0,19.549999237060547,0.0,97.87999725341795,0.0,62.296199798583984,44407300.0,1002981.25,4102382.0,35.31999969482422,43546585.0,5969.64,1602005.0,1165.0,1335412.0,47.13,48.3,46.74,-16748.0,23773.0,5969.64,191.3708138691533,150.7524726153706,110.71929685675607,110.45301439229821,95.92737999075152,99.1792429142261,131.77619911917208,390.376936192867,225.2550957104606,191.37080409436402,150.75246832904153,95.92737999075152
2026-02-25,6083.85986328125,195.03239505856686,23152.080078125,112.11590006759755,5725026.0,0.020000000000000018,97.6999969482422,98.9968533096837,62.98263168334961,133.22822002929314,117.769,-13082.0,-108853.0,17.93000030517578,49.57,191.61190568225743,True,True,False,False,6613797.0,1.159,887612.0,3.67,3.65,4.05,2.94,6083.85986328125,1415300.0,1165.25,1500.0,23152.080078125,8427450000.0,6946.1298828125,5328060000.0,17.93000030517578,0.0,97.6999969482422,0.0,62.98263168334961,42201200.0,1015955.125,3462525.0,37.400001525878906,50133631.0,6083.86,1415255.0,1165.25,1512981.0,48.6,50.99,48.4,-26884.0,14701.0,6083.86,195.03239505856686,150.78482293138248,112.11590006759755,111.35169940081926,87.97841532639856,98.9968533096837,133.22822002929314,395.4265835048674,238.52041325237482,195.03239394629114,150.7848186441336,87.97841532639856
2026-02-26,6307.27001953125,202.19433153195996,22878.380859375,110.79048852123081,5722389.0,0.020000000000000018,97.79000091552734,99.08805197728793,62.38573455810547,131.96559350176585,117.9042,-21135.0,-129988.0,18.6299991607666,54.67,211.32586006957865,True,True,False,False,6613797.0,3.796,887612.0,3.67,3.65,4.02,2.98,6307.27001953125,1409600.0,1188.1500244140625,1400.0,22878.380859375,9033470000.0,6908.85986328125,5889550000.0,18.6299991607666,0.0,97.79000091552734,0.0,62.38573455810547,52083200.0,1098816.25,4461976.0,42.79999923706055,60932844.0,6307.27,1409623.0,1188.15,1449495.0,50.5,55.03,50.34,-34533.0,12569.0,6307.27,202.19433153195996,153.74811503728145,110.79048852123081,110.75423288615254,91.41314979360297,99.08805197728793,131.96559350176585,427.67750754456813,272.9591734952504,202.19432520893378,153.74810750656712,91.41314979360297
2026-02-27,6244.1298828125,200.1702263807375,22668.2109375,109.77272295206211,5709867.0,0.03000000000000025,97.61000061035156,98.90566237274552,62.25640869140625,131.69202832096002,117.8223,-70528.0,-200516.0,19.86000061035156,54.12,209.1998453807499,True,True,False,False,6613797.0,16.318,887612.0,3.68,3.65,3.97,3.1,6244.1298828125,1166100.0,1192.780029296875,1300.0,22668.2109375,9552610000.0,6878.8798828125,6665660000.0,19.86000061035156,0.0,97.61000061035156,0.0,62.25640869140625,34830100.0,1060822.625,6453062.0,39.7400016784668,59412837.0,6244.13,1166058.0,1192.78,1262964.0,54.03,55.13,52.87,-28689.0,5666.0,6244.13,200.1702263807375,154.34724352166361,109.77272295206211,110.27363119434439,97.44848590859567,98.90566237274552,131.69202832096002,412.88975859875217,253.44388332281537,200.17022449758127,154.34723534207225,97.44848590859567
2026-03-02,,,22748.859375,110.16326981130095,5725558.0,0.06000000000000005,98.37999725341795,99.6858798456588,61.18199157714844,129.41929572983491,118.667,,-200516.0,21.440000534057617,,,False,True,False,False,6613797.0,0.627,887612.0,3.71,3.65,4.05,3.03,,,,,22748.859375,8303030000.0,6881.6201171875,6079080000.0,21.440000534057617,0.0,98.37999725341795,0.0,61.18199157714844,46879900.0,,,36.59999847412109,35997213.0,,,,,,,,,,,,,110.16326981130095,110.31755921751135,105.20118457772863,99.6858798456588,129.41929572983491,,233.41835307260718,,,105.20118457772863
2026-03-03,5791.91015625,185.67326255411731,22516.689453125,109.03896738699163,5724982.0,0.050000000000000266,99.0500030517578,100.36477920908484,58.11791610717773,122.93780535718766,119.4341,-51487.0,-252003.0,23.56999969482422,62.98,243.44800927715497,True,True,False,False,6613797.0,1.203,887612.0,3.7,3.65,4.06,3.08,5791.91015625,1227200.0,1137.699951171875,1300.0,22516.689453125,9705500000.0,6816.6298828125,6442080000.0,23.56999969482422,0.0,99.0500030517578,0.0,58.11791610717773,99942900.0,938843.0,6818327.0,31.18000030517578,108637796.0,5791.91,1227193.0,1137.7,1290763.0,56.82,62.98,55.41,-1926.0,-8859.0,5791.91,185.67326255411731,147.219811788452,109.03896738699163,109.27571675786767,115.65260385387388,100.36477920908484,122.93780535718766,365.41326560802594,198.85203889239492,185.6732523137388,147.2198139209876,115.65260385387388
2026-03-04,5093.5400390625,163.2853707135334,22807.48046875,110.44714740098405,5795964.0,0.020000000000000018,98.7699966430664,100.08105603372303,58.744659423828125,124.26356603534398,119.0705,2303.0,-249700.0,21.149999618530277,80.37,310.668728256668,True,True,False,False,6628894.0,0.877,832053.0,3.67,3.65,4.09,2.97,5093.5400390625,1637600.0,978.4400024414062,1500.0,22807.48046875,10918410000.0,6869.5,5252170000.0,21.149999618530277,0.0,98.7699966430664,0.0,58.744659423828125,74073300.0,848858.0625,9253420.0,25.07999992370605,231468222.0,5093.54,1637606.0,978.44,1454920.0,65.74,80.85,64.98,68480.0,-5978.0,5093.54,163.2853707135334,126.61137311058476,110.44714740098405,110.1232646004319,103.77821633695648,100.08105603372303,124.26356603534398,330.38963560023006,159.9489759922227,163.28536486066275,126.61136919473597,103.77821633695648
2026-03-05,5583.89990234375,179.00500606436373,22748.990234375,110.16390350885905,5794048.0,0.010000000000000231,99.31999969482422,100.63835975056543,57.33200454711914,121.2753534168898,119.5683,-1446.0,-251146.0,23.75,73.71,284.92462311557784,True,True,False,False,6628894.0,2.793,832053.0,3.66,3.65,4.13,3.0,5583.89990234375,1660700.0,1116.4100341796875,1000.0,22748.990234375,10994660000.0,6830.7099609375,5989300000.0,23.75,0.0,99.31999969482422,0.0,57.33200454711914,81396900.0,940842.6875,6442459.0,29.86000061035156,145480860.0,5583.9,1660710.0,1116.41,1044637.0,81.99,83.58,73.16,10206.0,-17186.0,5583.9,179.00500606436373,144.464869618196,110.16390350885905,109.50143102658507,116.53582422967399,100.63835975056543,121.2753534168898,366.1915771463455,190.4336736555747,179.00500415142605,144.464861087747,116.53582422967399
2026-03-06,5584.8701171875,179.03610857641203,22387.6796875,108.41422671825912,5795329.0,0.0,98.98999786376952,100.30397752045998,57.02360534667969,120.62299140160316,119.491,-19418.0,-270564.0,29.489999771118164,62.72,242.44298415152684,True,True,False,False,6628894.0,1.512,832053.0,3.65,3.65,4.15,3.13,5584.8701171875,1223000.0,1154.6700439453125,1000.0,22387.6796875,9300220000.0,6740.02001953125,5793120000.0,29.489999771118164,0.0,98.98999786376952,0.0,57.02360534667969,55731800.0,923845.5,3744322.0,,,5584.87,1223020.0,1154.67,1033230.0,68.0,68.03,62.69,-23624.0,-11142.0,5584.87,179.03610857641203,149.41576324433862,108.41422671825912,108.04760288566095,144.70069178358534,100.30397752045998,120.62299140160316,359.5759898857205,,179.03609977527802,149.41575330943726,144.70069178358534
2026-03-09,5251.8701171875,168.36101266460793,22695.94921875,109.90704791803397,5796509.0,0.0,99.18000030517578,100.49650202821756,58.147762298583984,123.00093950781668,119.5151,-31735.0,-302299.0,25.5,71.82,277.6188635485118,True,True,False,False,6628894.0,0.332,832053.0,3.65,3.65,4.12,3.19,5251.8701171875,1026200.0,1102.280029296875,1000.0,22695.94921875,9797740000.0,6795.990234375,6709410000.0,25.5,0.0,99.18000030517578,0.0,58.147762298583984,65072500.0,835860.25,7253621.0,23.68000030517578,213731957.0,5251.87,1026238.0,1102.28,1044170.0,62.29,72.97,62.16,-22282.0,-15441.0,5251.87,168.36101266460793,142.6364291253623,109.90704791803397,108.94484763112735,125.12267443607101,100.49650202821756,123.00093950781668,325.3306714162442,151.02040717026836,168.361004164249,142.63642127874326,125.12267443607101
2026-03-10,5532.58984375,177.3601418099236,22697.099609375,109.91261878164174,5796563.0,-0.009999999999999787,98.83000183105467,100.14185772234786,58.37657165527344,123.48494378809261,118.7255,10283.0,-292016.0,24.93000030517578,66.61,257.47970622342484,True,True,False,False,6628894.0,0.278,832053.0,3.64,3.65,4.15,3.06,5532.58984375,923200.0,1137.6800537109375,1000.0,22697.099609375,8800580000.0,6781.47998046875,5944950000.0,24.93000030517578,0.0,98.83000183105467,0.0,58.37657165527344,56415100.0,937843.1875,5304897.0,28.899999618530277,136259419.0,5532.59,923210.0,1137.68,984763.0,69.31,70.42,65.47,-9010.0,9164.0,5532.59,177.3601418099236,147.21723703185535,109.91261878164174,108.71223732028412,122.32581615198667,100.14185772234786,123.48494378809261,365.02412200188445,184.3112184697518,177.36014182169063,147.21722589578025,122.32581615198667
2026-03-11,5609.9501953125,179.8401092955109,22716.130859375,110.00477921456877,5807606.0,-0.009999999999999787,99.2300033569336,100.54716881362727,58.52579879760742,123.80060647194439,119.2885,-2563.0,-294579.0,24.229999542236328,63.19,244.25976034016236,True,True,False,False,6646344.0,0.552,838186.0,3.64,3.65,4.21,3.09,5609.9501953125,1050900.0,1136.8299560546875,1300.0,22716.130859375,8348570000.0,6775.7998046875,5511090000.0,24.229999542236328,0.0,99.2300033569336,0.0,58.52579879760742,35658200.0,954840.3125,3916098.0,28.71999931335449,83437687.0,5609.95,1050946.0,1136.83,1307017.0,62.56,63.53,62.01,16676.0,7821.0,5609.95,179.8401092955109,147.10723332057276,110.00477921456877,108.62117981966028,118.89107232585827,100.54716881362727,123.80060647194439,371.63968493647286,183.16325736214662,179.8400979672438,147.10723482446718,118.89107232585827
2026-03-12,5583.25,178.9841719206615,22311.98046875,108.04764686815791,5808021.0,0.0,99.73999786376952,101.06393291760905,56.655517578125,119.8443691543518,119.8227,-23831.0,-318410.0,27.290000915527344,65.35,252.60919984538072,True,True,False,False,6646344.0,0.137,838186.0,3.65,3.65,4.27,3.17,5583.25,801300.0,1148.4000244140625,1300.0,22311.98046875,8490850000.0,6672.6201171875,6292170000.0,27.290000915527344,0.0,99.73999786376952,0.0,56.655517578125,53035000.0,929844.5,3711742.0,28.5,59089277.0,5583.25,801306.0,1148.4,1268603.0,64.28,65.57,63.93,-35605.0,775.0,5583.25,178.9841719206615,148.6044147913922,108.04764686815791,106.96713163158948,133.90579999661207,101.06393291760905,119.8443691543518,361.9109001746427,181.76020054408093,178.98416687771086,148.60440740692815,133.90579999661207
2026-03-13,5487.240234375,175.90635373292366,22105.359375,107.04706679843792,5807731.0,0.0,100.36000061035156,101.69216549562539,56.50629425048828,119.52871453979328,120.5518,-14502.0,-332912.0,27.190000534057617,60.76,234.8666408967916,True,True,False,False,6646344.0,0.427,838186.0,3.65,3.65,4.28,3.28,5487.240234375,907700.0,1152.9599609375,1300.0,22105.359375,8278740000.0,6632.18994140625,5337120000.0,27.190000534057617,0.0,100.36000061035156,0.0,56.50629425048828,47897100.0,909847.875,3645102.0,26.399999618530277,71692640.0,5487.24,907656.0,1152.96,1343544.0,66.49,66.75,59.98,-24648.0,-10434.0,5487.24,175.90635373292366,149.19447634150148,107.04706679843792,106.31900542947861,133.415120970176,101.69216549562539,119.52871453979328,354.1278820955932,168.36734122904292,175.9063412632517,149.19447715420748,133.415120970176
2026-03-16,5549.85009765625,177.91345972557315,22374.1796875,108.34885182987736,5807576.0,0.050000000000000266,99.70999908447266,101.03353593862965,58.078125,122.8536345589756,120.097,-8485.0,-341397.0,23.51000022888184,54.67,211.32586006957865,True,True,False,False,6646344.0,0.582,838186.0,3.7,3.65,4.23,3.27,5549.85009765625,1073900.0,1138.2900390625,1200.0,22374.1796875,8208800000.0,6699.3798828125,5176290000.0,23.51000022888184,0.0,99.70999908447266,0.0,58.078125,36204900.0,973837.125,3829496.0,29.959999084472656,92027488.0,5549.85,1073860.0,1138.29,1177918.0,58.32,58.68,54.53,-27125.0,911.0,5549.85,177.91345972557315,147.296169907398,108.34885182987736,107.39611085141149,115.35820018158188,101.03353593862965,122.8536345589756,379.03355940938087,191.0714190138327,177.91345158219025,147.29616066460488,115.35820018158188
2026-03-17,5640.47998046875,180.8188131534981,22479.529296875,108.85901619683666,5807361.0,0.0,99.58000183105467,100.90181311949694,58.44620895385742,123.6322487369337,119.8328,-1740.0,-343137.0,22.3700008392334,52.6,203.32431387707769,True,True,False,False,6646344.0,0.797,838186.0,3.65,3.65,4.2,3.22,5640.47998046875,1135100.0,1136.93994140625,1200.0,22479.529296875,8505210000.0,6716.08984375,5063390000.0,22.3700008392334,0.0,99.58000183105467,0.0,58.44620895385742,24929100.0,969837.8125,3326240.0,30.100000381469727,64445301.0,5640.48,1135071.0,1136.94,1244518.0,52.44,53.23,51.14,-5649.0,7341.0,5640.48,180.8188131534981,147.12146556409164,108.85901619683666,107.66398412454392,109.76448361341318,100.90181311949694,123.6322487369337,377.4769606587783,191.9642844109772,180.8188086849757,147.1214689631077,109.76448361341318
2026-03-18,5925.02978515625,189.9407244349521,22152.419921875,107.27496146504065,5802189.0,-0.029999999999999805,100.08999633789062,101.41857722347874,57.26236724853516,121.12804846804872,119.9276,8802.0,-334335.0,25.09000015258789,54.18,209.43177425589482,True,True,False,False,6655939.0,0.698,853052.0,3.62,3.65,4.26,3.2,5925.02978515625,1143800.0,1164.3800048828125,1300.0,22152.419921875,9325170000.0,6624.7001953125,5275480000.0,25.09000015258789,0.0,100.08999633789062,0.0,57.26236724853516,37207400.0,1055823.5,4347884.0,35.41999816894531,90890971.0,5925.03,1143772.0,1164.38,1298538.0,50.41,54.2,50.23,26311.0,31093.0,5925.03,189.9407244349521,150.67224446350326,107.27496146504065,106.19893915233006,123.11089885071478,101.41857722347874,121.12804846804872,410.94401624200805,225.89284106871855,189.94072597061626,150.67223954761323,123.11089885071478
2026-03-19,5763.22021484375,184.75353920211802,22090.689453125,106.97602646472333,5802250.0,-0.029999999999999805,99.2300033569336,100.54716881362727,57.322052001953125,121.25430063072018,120.1802,-18760.0,-353095.0,24.059999465942383,55.47,214.4182450715114,True,True,False,False,6655939.0,0.637,853052.0,3.62,3.65,4.25,3.27,5763.22021484375,1184200.0,1143.47998046875,1200.0,22090.689453125,8547870000.0,6606.490234375,5973390000.0,24.059999465942383,0.0,99.2300033569336,0.0,57.322052001953125,50957600.0,1012830.625,3347483.0,32.220001220703125,91080050.0,5763.22,1184170.0,1143.48,1210669.0,54.54,55.87,53.97,-29263.0,-6649.0,5763.22,184.75353920211802,147.96775488569938,106.97602646472333,105.90701974819818,118.05692078859418,100.54716881362727,121.25430063072018,394.2104762873749,205.48469766335202,184.75352710929312,147.96775320591624,118.05692078859418
2026-03-20,5781.2001953125,185.3299296405453,21647.609375,104.83037382386442,5802065.0,-0.029999999999999805,99.6500015258789,100.97274198067088,55.35229110717773,117.08763228295072,120.2757,-12402.0,-365497.0,26.780000686645508,55.64,215.0753768844221,True,True,False,False,6655939.0,0.822,853052.0,3.62,3.65,4.39,3.24,5781.2001953125,1490800.0,1161.52001953125,1300.0,21647.609375,11743490000.0,6506.47998046875,10025820000.0,26.780000686645508,0.0,99.6500015258789,0.0,55.35229110717773,78534200.0,1006831.625,3426646.0,31.76000022888184,70583961.0,5781.2,1490805.0,1161.52,1251345.0,56.23,56.45,55.28,31961.0,-10260.0,5781.2,185.3299296405453,150.30215874385365,104.83037382386442,104.30377997038693,131.40334538481977,100.97274198067088,117.08763228295072,391.87556599845277,202.55101792567086,185.3299181576003,150.30215194295994,131.40334538481977
2026-03-23,5405.75,173.29399316887404,21946.759765625,106.27903481619508,5802030.0,-0.029999999999999805,98.9499969482422,100.26344563826545,57.01365661621094,120.60194668472681,119.9371,-36751.0,-402248.0,26.149999618530277,62.8,242.7522226517201,True,True,False,False,6655939.0,0.857,853052.0,3.62,3.65,4.34,3.19,5405.75,1125600.0,1096.8900146484375,1100.0,21946.759765625,8895880000.0,6581.0,6020650000.0,26.149999618530277,0.0,98.9499969482422,0.0,57.01365661621094,61193400.0,932844.0,3911813.0,27.1200008392334,101120107.0,5405.75,1125620.0,1096.89,1059627.0,58.51,62.88,57.9,-72509.0,-38173.0,5405.75,173.29399316887404,141.9389544166198,106.27903481619508,105.49839207153975,128.3120740695194,100.26344563826545,120.60194668472681,363.0783553191038,172.95918565946334,173.29398828624645,141.93894848535825,128.3120740695194
2026-03-24,5553.919921875,178.04392748497057,21761.890625,105.38379041370709,5801764.0,-0.020000000000000018,99.43000030517578,100.74982049393391,56.22774124145508,118.93948667513565,120.1295,-19863.0,-422111.0,26.950000762939453,64.99,251.21762659451096,True,True,False,False,6655939.0,1.123,853052.0,3.63,3.65,4.39,3.19,5553.919921875,1170500.0,1121.43994140625,1200.0,21761.890625,8488380000.0,6556.3701171875,5278580000.0,26.950000762939453,0.0,99.43000030517578,0.0,56.22774124145508,37191900.0,985835.125,4352152.0,30.920000076293945,98123648.0,5553.92,1170518.0,1121.44,1237347.0,63.48,66.56,63.48,-11643.0,9683.0,5553.92,178.04392748497057,145.11574597135498,105.38379041370709,105.10355647913295,132.23749692208386,100.74982049393391,118.93948667513565,383.70337998722516,197.19387419965562,178.0439249729917,145.11574942739944,132.23749692208386
2026-03-25,5642.2099609375,180.8742717343673,21929.8203125,106.1970040860251,5782307.0,-0.009999999999999787,99.5999984741211,100.92207519526117,57.123085021972656,120.83342243177997,120.1282,-12895.0,-435006.0,25.32999992370605,61.5,237.7270970235794,True,True,False,False,6657161.0,0.777,874077.0,3.64,3.65,4.33,3.17,5642.2099609375,763200.0,1159.550048828125,1100.0,21929.8203125,8056920000.0,6591.89990234375,4936720000.0,25.32999992370605,0.0,99.5999984741211,0.0,57.123085021972656,36444000.0,994833.625,4463869.0,31.280000686645508,92361194.0,5642.21,763224.0,1159.55,1133746.0,61.17,62.47,61.17,7890.0,23230.0,5642.21,180.8742717343673,150.04724204473268,106.1970040860251,105.67312572463234,124.2885228988069,100.92207519526117,120.83342243177997,387.2057454206084,199.48979641486585,180.87426789040236,150.04723146003442,124.2885228988069
2026-03-26,5460.4599609375,175.04784926598776,21408.080078125,103.67043300554144,5782199.0,0.0,99.9000015258789,101.22606044638722,55.18317413330078,116.72989630393285,120.389,-29370.0,-464376.0,27.440000534057617,59.85,231.34905295709314,True,True,False,False,6657161.0,0.885,874077.0,3.65,3.65,4.42,3.21,5460.4599609375,925100.0,1136.6400146484375,1200.0,21408.080078125,7726590000.0,6477.16015625,4845560000.0,27.440000534057617,0.0,99.9000015258789,0.0,55.18317413330078,42794900.0,932844.0,4660620.0,27.3799991607666,92989621.0,5460.46,925093.0,1136.64,1158122.0,60.89,60.89,59.43,-26847.0,-2999.0,5460.46,175.04784926598776,147.08265466250904,103.67043300554144,103.83376108102387,134.64181385680416,101.22606044638722,116.72989630393285,363.0783553191038,174.61733818798965,175.0478455861846,147.08264858499723,134.64181385680416
2026-03-27,5438.8701171875,174.3557361946601,20948.359375,101.44419673490643,5782092.0,-0.020000000000000018,100.1500015258789,101.47937891210357,54.91456985473633,116.16171315615156,120.8851,-34286.0,-498662.0,31.049999237060547,60.6,234.2481638964051,True,True,False,False,6657161.0,0.992,874077.0,3.63,3.65,4.44,3.42,5438.8701171875,900100.0,1141.510009765625,1500.0,20948.359375,8713310000.0,6368.85009765625,5303490000.0,31.049999237060547,0.0,100.1500015258789,0.0,54.91456985473633,38596100.0,932844.0,4520942.0,26.200000762939453,112274292.0,5438.87,900081.0,1141.51,1463268.0,60.68,62.21,60.0,-14758.0,7785.0,5438.87,174.3557361946601,147.71283818657838,101.44419673490643,102.09746917602239,152.35525277564628,101.47937891210357,116.16171315615156,363.0783553191038,167.09183834831398,174.35572752539744,147.71283272299073,152.35525277564628
2026-03-30,5277.2998046875,169.17622093208453,20794.640625,100.69980072576341,5782332.0,-0.020000000000000018,100.51000213623048,101.84415812118843,54.466896057128906,115.21474124318276,121.2851,-20945.0,-519607.0,30.61000061035156,61.43,237.4565133359103,True,True,False,False,6657161.0,0.752,874077.0,3.63,3.65,4.35,3.46,5277.2998046875,727400.0,1107.050048828125,1100.0,20794.640625,9234380000.0,6343.72021484375,5458640000.0,30.61000061035156,0.0,100.51000213623048,0.0,54.466896057128906,32281500.0,872854.0625,4498502.0,23.459999084472656,122017231.0,5277.3,727391.0,1107.05,1133950.0,62.98,63.53,61.39,-21824.0,8450.0,5277.3,169.17622093208453,143.25367568223743,100.69980072576341,101.69461820661576,150.196280033606,101.84415812118843,115.21474124318276,339.7292767559187,149.61733818798965,169.17622242667684,143.25366529069993,150.196280033606
2026-03-31,5052.4599609375,161.9684524731467,21590.630859375,104.55445055726133,5767302.0,0.03000000000000025,99.95999908447266,101.28685440434602,56.49634552001953,119.50766982291694,121.035,-38386.0,-557993.0,25.25,61.48,237.6497873985311,True,True,False,False,6657161.0,15.782,874077.0,3.68,3.65,4.3,3.28,5052.4599609375,1163300.0,1052.3900146484375,1200.0,21590.630859375,10645070000.0,6528.52001953125,6396100000.0,25.25,0.0,99.95999908447266,0.0,56.49634552001953,64809400.0,806865.0625,7194351.0,20.31999969482422,145890661.0,5052.46,1163312.0,1052.39,1228504.0,62.2,62.67,61.08,-27853.0,10251.0,5052.46,161.9684524731467,136.18059816650475,104.55445055726133,104.65709841474002,123.89598154944285,101.28685440434602,119.50766982291694,314.04526357777496,129.5918322662075,161.96844916186075,136.18059239897,123.89598154944285
2026-04-01,5478.7001953125,175.6325827536962,21840.94921875,105.76663832052367,5825519.0,0.0,99.6500015258789,100.97274198067088,56.9340705871582,120.4335970190094,120.1198,-6411.0,-564404.0,24.540000915527344,61.65,238.3069192114418,True,True,False,False,6675344.0,2.107,847718.0,3.65,3.65,4.33,3.16,5478.7001953125,959000.0,1116.1800537109375,1100.0,21840.94921875,8801740000.0,6575.31982421875,5637260000.0,24.540000915527344,0.0,99.6500015258789,0.0,56.9340705871582,51176300.0,896850.0,6255058.0,24.0,127047521.0,5478.7,958953.0,1116.18,1055086.0,60.22,61.87,58.88,39911.0,40419.0,5478.7,175.6325827536962,144.43510985483348,105.76663832052367,105.40733457091589,120.41217824370246,100.97274198067088,120.4335970190094,349.0688935855708,153.061221510805,175.63257154397786,144.4350987978623,120.41217824370246
2026-04-02,5234.0498046875,167.78974075735323,21879.1796875,105.9517725892135,5827299.0,0.010000000000000231,100.02999877929688,101.35778326551994,56.29737854003906,119.08679162397675,120.503,-1368.0,-565772.0,23.8700008392334,58.91,227.71550057982216,True,True,False,False,6675344.0,0.327,847718.0,3.66,3.65,4.31,3.17,5234.0498046875,1428200.0,1056.3399658203125,1500.0,21879.1796875,8134780000.0,6582.68994140625,4740740000.0,23.8700008392334,0.0,100.02999877929688,0.0,56.29737854003906,33449800.0,829861.25,6127534.0,21.239999771118164,118828965.0,5234.05,1428160.0,1056.34,1530434.0,56.8,59.45,56.12,-38113.0,-14517.0,5234.05,167.78974075735323,136.69172684107141,105.9517725892135,105.52548310649712,117.12464093318205,101.35778326551994,119.08679162397675,322.99576112732206,135.45917957735688,167.78974229101019,136.69172737742466,117.12464093318205
2026-04-03,5377.2998046875,172.38195544013382,,,5827299.0,0.010000000000000231,,,,,120.6565,8035.0,-557737.0,,59.1,228.44994201778118,True,False,False,False,6675344.0,0.327,847718.0,3.66,3.65,4.35,3.13,5377.2998046875,1185200.0,1063.75,1000.0,,,,,,,,,,,875853.5625,2927164.0,,,5377.3,1185178.0,1063.75,953913.0,59.28,59.83,58.94,24066.0,7390.0,5377.3,172.38195544013382,137.65059463055834,,,,,,340.8967319003798,,172.38195684440328,137.65059071675358,
2026-04-06,5450.330078125,174.7231121170425,21996.33984375,106.51913052533433,5827399.0,0.0,99.9800033569336,101.30712421077632,56.81469345092773,120.1810765550799,120.4302,-1596.0,-559333.0,24.170000076293945,59.64,230.5373018940858,True,True,False,False,6675344.0,0.227,847718.0,3.65,3.65,4.34,3.05,5450.330078125,1110500.0,1047.3699951171875,1200.0,21996.33984375,7907270000.0,6611.830078125,3906440000.0,24.170000076293945,0.0,99.9800033569336,0.0,56.81469345092773,19981700.0,885851.875,3100989.0,,,5450.33,1110507.0,1047.37,1176731.0,59.23,59.64,59.12,-8574.0,8371.0,5450.33,174.7231121170425,135.53100129361775,106.51913052533433,105.99262146975089,118.59666865356624,101.30712421077632,120.1810765550799,344.78824093990454,,174.7231046896689,135.5309980719212,118.59666865356624
2026-04-07,5494.77978515625,176.14805171407008,22017.849609375,106.6232933791752,5812281.0,-0.029999999999999805,99.63999938964844,100.96260707745573,57.01365661621094,120.60194668472681,120.32,3704.0,-555629.0,25.780000686645508,59.49,229.9574797062234,True,True,False,False,6675344.0,15.345,847718.0,3.62,3.65,4.33,3.12,5494.77978515625,990400.0,1036.72998046875,1200.0,22017.849609375,10796020000.0,6616.85009765625,4555680000.0,25.780000686645508,0.0,99.63999938964844,0.0,57.01365661621094,28112800.0,915846.875,3619929.0,,,5494.78,990449.0,1036.73,1154251.0,59.92,61.23,59.07,-7133.0,-4001.0,5494.78,176.14805171407008,134.1541699486257,106.6232933791752,106.07309616792966,126.49657383830719,100.96260707745573,120.60194668472681,356.46279238451535,,176.14805363834827,134.15416866160277,126.49657383830719
2026-04-08,5872.33984375,188.25162480102102,22634.990234375,109.61184889585766,5945318.0,-0.06000000000000005,99.12999725341795,100.44583524280786,60.127471923828125,127.18865257246246,119.0596,19089.0,-536540.0,21.040000915527344,57.7,223.03826826439894,True,True,False,False,6693871.0,0.177,748376.0,3.59,3.65,4.29,2.94,5872.33984375,932600.0,1089.8499755859375,1200.0,22634.990234375,10411670000.0,6782.81005859375,5904880000.0,21.040000915527344,0.0,99.12999725341795,0.0,60.127471923828125,50444800.0,1032827.3125,6709356.0,31.059999465942383,213513326.0,5872.34,932610.0,1089.85,1198291.0,57.69,58.86,56.72,41673.0,27268.0,5872.34,188.25162480102102,141.0279644629883,109.61184889585766,108.7335594755063,103.23847783090838,100.44583524280786,127.18865257246246,401.99351869246095,198.08672743258717,188.2516245059162,141.02796361236557,103.23847783090838
2026-04-09,5778.009765625,185.22765293509804,22822.419921875,110.51949296250487,5945093.0,-0.08000000000000007,98.81999969482422,100.13172281913273,59.968299865722656,126.8519532410276,118.8998,18476.0,-518064.0,19.489999771118164,53.96,208.58136838036336,True,True,False,False,6693871.0,0.402,748376.0,3.57,3.65,4.29,2.9,5778.009765625,1026700.0,1076.0,1200.0,22822.419921875,8662470000.0,6824.66015625,4912410000.0,19.489999771118164,0.0,98.81999969482422,0.0,59.968299865722656,35719500.0,997833.125,5026817.0,28.739999771118164,69118908.0,5778.01,1026733.0,1076.0,1223574.0,56.43,56.43,53.96,3308.0,-25125.0,5778.01,185.22765293509804,139.23576011514058,110.51949296250487,109.40444809589395,95.63297631845947,100.13172281913273,126.8519532410276,388.3732005650695,183.29081129948344,185.22765522967487,139.23575615626498,95.63297631845947
2026-04-10,5858.8701171875,187.81982112846705,22902.890625,110.90917912804541,5944988.0,-0.040000000000000036,98.6500015258789,99.95946811780547,60.24685287475586,127.44118110568523,118.8552,10641.0,-507423.0,19.229999542236328,49.58,191.6505604947816,True,True,False,False,6693871.0,0.507,748376.0,3.61,3.65,4.31,2.94,5858.8701171875,1002400.0,1093.6300048828125,1500.0,22902.890625,8700640000.0,6816.89013671875,4393220000.0,19.229999542236328,0.0,98.6500015258789,0.0,60.24685287475586,20508400.0,1026828.3125,3134921.0,30.18000030517578,56723134.0,5858.87,1002354.0,1093.63,1516075.0,53.06,53.81,49.07,47576.0,-2031.0,5858.87,187.81982112846705,141.51710503214062,110.90917912804541,109.2798888242162,94.35721459329532,99.95946811780547,127.44118110568523,399.6586084035388,192.47448799611138,187.81981207984845,141.5171003765577,94.35721459329532
2026-04-13,5808.6201171875,186.2089395381723,23183.740234375,112.26921704396734,5945268.0,-0.020000000000000018,98.37000274658205,99.67575267310974,60.75421524047852,128.5144132506188,118.9916,-4579.0,-512002.0,19.1200008392334,50.14,193.81522999613452,True,True,False,False,6693871.0,0.227,748376.0,3.63,3.65,4.3,2.95,5808.6201171875,1083200.0,1099.8399658203125,1300.0,23183.740234375,7925320000.0,6886.240234375,4785840000.0,19.1200008392334,0.0,98.37000274658205,0.0,60.75421524047852,24457400.0,1039826.125,2769753.0,31.100000381469727,52436335.0,5808.62,1083211.0,1099.84,1282994.0,51.54,51.98,50.11,-25809.0,-6698.0,5808.62,186.2089395381723,142.3206818271389,112.26921704396734,110.39162317959361,93.81747608724726,99.67575267310974,128.5144132506188,404.7175725875246,198.34183530726074,186.2089305349409,142.32068220344465,93.81747608724726
2026-04-14,5967.75,191.310221104111,23639.080078125,114.47423863366484,5945189.0,0.010000000000000231,98.12000274658205,99.4224342073934,61.91816711425781,130.97654022433764,118.3581,8276.0,-503726.0,18.36000061035156,49.87,192.7715500579822,True,True,False,False,6693871.0,0.306,748376.0,3.66,3.65,4.26,2.84,5967.75,889500.0,1121.8800048828125,1400.0,23639.080078125,9105660000.0,6967.3798828125,5032380000.0,18.36000061035156,0.0,98.12000274658205,0.0,61.91816711425781,23734200.0,1102815.625,4754545.0,35.439998626708984,69896939.0,5967.75,889491.0,1121.88,1429628.0,48.52,49.87,46.54,-1069.0,12545.0,5967.75,191.310221104111,145.1726907414833,114.47423863366484,111.69235292331132,90.0883285888268,99.4224342073934,130.97654022433764,429.2341306212073,226.02039500605537,191.31021571386896,145.17268598196148,90.0883285888268
2026-04-15,6091.39013671875,195.2737956327033,24016.01953125,116.29959972068124,5954119.0,0.07000000000000028,98.05999755859376,99.36163251876854,61.87837219238281,130.8923613568323,118.3623,4973.0,-498753.0,18.170000076293945,51.97,200.88906068805565,True,True,False,False,6705696.0,0.223,751354.0,3.72,3.65,4.29,2.85,6091.39013671875,923800.0,1152.4300537109375,1500.0,24016.01953125,10206480000.0,7022.9501953125,5278610000.0,18.170000076293945,0.0,98.05999755859376,0.0,61.87837219238281,26278700.0,1135810.125,4093703.0,36.900001525878906,73381699.0,6091.39,923846.0,1152.43,1533312.0,50.21,56.12,50.21,16000.0,368.0,6091.39,195.2737956327033,149.12590567655639,116.29959972068124,112.58318693268117,89.1560393744907,99.36163251876854,130.8923613568323,442.07613721027917,235.33163780423308,195.27378574794594,149.12589448621233,89.1560393744907
2026-04-16,6226.0498046875,199.59062707720207,24102.69921875,116.71935341662767,5954184.0,0.020000000000000018,98.22000122070312,99.5237600475467,62.127079010009766,131.4184550708609,118.3616,4814.0,-493939.0,17.940000534057617,50.47,195.09083880943177,True,True,False,False,6705696.0,0.158,751354.0,3.67,3.65,4.32,2.86,6226.0498046875,925700.0,1162.969970703125,1900.0,24102.69921875,9963610000.0,7041.27978515625,5173650000.0,17.940000534057617,0.0,98.22000122070312,0.0,62.127079010009766,32327600.0,1154806.875,2901319.0,38.47999954223633,35307308.0,6226.05,925695.0,1162.97,1902506.0,52.51,53.75,50.27,6639.0,10783.0,6226.05,199.59062707720207,150.48978425830148,116.71935341662767,112.87702407838036,88.02748416493456,99.5237600475467,131.4184550708609,449.46998735715067,245.40815556957955,199.59062771485637,150.48978377049394,88.02748416493456
2026-04-17,6191.919921875,198.49651364632498,24468.48046875,118.49067996410056,5954205.0,0.0,98.0999984741211,99.40216440096307,63.3109245300293,133.9226634090392,118.0795,-19974.0,-513913.0,17.479999542236328,48.51,187.51449555469654,True,True,False,False,6705696.0,0.137,751354.0,3.65,3.65,4.26,2.83,6191.919921875,689700.0,1170.0400390625,1800.0,24468.48046875,10159120000.0,7126.06005859375,6145300000.0,17.479999542236328,0.0,98.0999984741211,0.0,63.3109245300293,46228600.0,1127811.375,3578235.0,37.0,33566759.0,6191.92,689740.0,1170.04,1836660.0,50.17,50.33,48.51,-10580.0,1501.0,6191.92,198.49651364632498,151.40466004090706,118.49067996410056,114.23611578587798,85.7703643868983,99.40216440096307,133.9226634090392,438.96289105700095,235.96938316249103,198.49651055808633,151.40465068129765,85.7703643868983
2026-04-20,6219.08984375,199.3675092076819,24404.390625,118.18031949139245,5953839.0,-0.020000000000000018,98.0500030517578,99.35150534621943,62.85330581665039,132.9546548484873,118.2374,-2338.0,-516251.0,18.8700008392334,50.32,194.51101662156938,True,True,False,False,6705696.0,0.503,751354.0,3.63,3.65,4.26,2.87,6219.08984375,692900.0,1174.8499755859375,1500.0,24404.390625,8379940000.0,7109.14013671875,4661130000.0,18.8700008392334,0.0,98.0500030517578,0.0,62.85330581665039,20045600.0,1165805.0,3748014.0,39.02000045776367,39878186.0,6219.09,692878.0,1174.85,1488715.0,49.73,50.55,49.09,-15767.0,2938.0,6219.09,199.3675092076819,152.02707190702822,118.18031949139245,113.96487668060695,92.59078320061911,99.35150534621943,132.9546548484873,453.7506400028169,248.85203889239494,199.3675085993826,152.02707074366904,92.59078320061911
2026-04-21,6388.47021484375,204.79739421369615,24259.9609375,117.48090655070192,5953535.0,-0.020000000000000018,98.41000366210938,99.71628455530427,61.9281120300293,130.9975768719207,118.4331,11565.0,-504686.0,19.5,51.63,199.57479706223424,True,True,False,False,6705696.0,0.807,751354.0,3.63,3.65,4.3,2.85,6388.47021484375,792000.0,1179.030029296875,1600.0,24259.9609375,9309940000.0,7064.009765625,5160270000.0,19.5,0.0,98.41000366210938,0.0,61.9281120300293,25552600.0,1223795.375,3516960.0,42.720001220703125,48480119.0,6388.47,792022.0,1179.03,1571861.0,50.53,52.17,50.53,681.0,9181.0,6388.47,204.79739421369615,152.5679761410101,117.48090655070192,113.24140280369122,95.68204515699547,99.71628455530427,130.9975768719207,476.3214556797555,272.4489820743292,204.79738155612762,152.56796801200844,95.68204515699547
2026-04-22,6417.93017578125,205.74180234752743,24657.5703125,119.40636347738037,5700913.0,-0.009999999999999787,98.58999633789062,99.89866642918062,63.0522689819336,133.37552497813425,118.6004,-6762.0,-511448.0,18.920000076293945,52.12,201.46888287591804,True,True,False,False,6707419.0,0.538,1005968.0,3.64,3.65,4.3,2.84,6417.93017578125,900100.0,1181.1199951171875,1400.0,24657.5703125,8080930000.0,7137.89990234375,4919460000.0,18.920000076293945,0.0,98.58999633789062,0.0,63.0522689819336,19635300.0,1222795.5,2894919.0,43.220001220703125,35713010.0,6417.93,900140.0,1181.12,1427239.0,51.74,52.43,51.24,451.0,-4046.0,6417.93,205.74180234752743,152.83842035997466,119.40636347738037,114.42591740842822,92.83611803437513,99.89866642918062,133.37552497813425,475.93228774757745,275.63775752247096,205.74179091558983,152.83841664617813,92.83611803437513
2026-04-23,6475.81005859375,207.59727772406626,24438.5,118.34549701608846,5701337.0,0.0,98.8000030517578,100.11146074336847,62.02759552001953,131.2080159713908,118.7155,-820.0,-512268.0,19.309999465942383,54.03,208.8519520680325,True,True,False,False,6707419.0,0.114,1005968.0,3.65,3.65,4.34,2.86,6475.81005859375,1042400.0,1174.31005859375,1700.0,24438.5,7956600000.0,7108.39990234375,5307260000.0,19.309999465942383,0.0,98.8000030517578,0.0,62.02759552001953,33271500.0,1224795.25,5343871.0,42.5,76251209.0,6475.81,1042392.0,1174.31,1687849.0,52.71,54.7,52.7,-16645.0,-2965.0,6475.81,207.59727772406626,151.95720596575842,118.34549701608846,113.95301016543927,94.74975594265938,100.11146074336847,131.2080159713908,476.71062361193356,271.0459130920505,207.59726999656988,151.95719406307018,94.74975594265938
2026-04-24,6475.6298828125,207.59150176687154,24836.599609375,120.27332794406664,5701369.0,0.010000000000000231,98.51000213623048,99.8176103954576,63.41040802001953,134.13310250850927,118.7294,-19496.0,-531764.0,18.709999084472656,53.56,207.035175879397,True,True,False,False,6707419.0,0.082,1005968.0,3.66,3.65,4.31,2.86,6475.6298828125,878200.0,1203.8399658203125,1400.0,24836.599609375,10203070000.0,7165.080078125,4608830000.0,18.709999084472656,0.0,98.51000213623048,0.0,63.41040802001953,26360600.0,1221795.75,3127857.0,42.68000030517578,33375151.0,6475.63,878201.0,1203.84,1402973.0,53.69,54.28,53.38,9184.0,8053.0,6475.63,207.59150176687154,155.77841328808185,120.27332794406664,114.86163612004405,91.80569114296702,99.8176103954576,134.13310250850927,475.54316846747247,272.1938741996556,207.59149967461798,155.77841328174534,91.80569114296702
2026-04-27,6615.02978515625,212.06029254049216,24887.099609375,120.51787845245761,5701088.0,0.010000000000000231,98.4800033569336,99.78721341647821,63.3109245300293,133.9226634090392,118.5458,8563.0,-523201.0,18.020000457763672,54.95,212.4081948202551,True,True,False,False,6707419.0,0.363,1005968.0,3.66,3.65,4.35,2.84,6615.02978515625,842700.0,1226.1800537109375,1500.0,24887.099609375,8126500000.0,7173.91015625,4783750000.0,18.020000457763672,0.0,98.4800033569336,0.0,63.3109245300293,14689400.0,1291784.0,4563073.0,47.060001373291016,45201527.0,6615.03,842664.0,1226.18,1523708.0,55.41,55.6,54.77,-5668.0,11349.0,6615.03,212.06029254049216,158.66924890006163,120.51787845245761,115.0031889302634,88.4200255142986,99.78721341647821,133.9226634090392,502.78375607018233,300.1275539373368,212.0602934529286,158.66923743837268,88.4200255142986
2026-04-28,6641.02001953125,212.8934704525744,24663.80078125,119.43653504768386,5700808.0,-0.009999999999999787,98.62000274658205,99.9290711388261,62.66428756713867,132.55482136642348,118.7717,-1843.0,-525044.0,17.829999923706055,55.0,212.6014688828759,True,True,False,False,6707419.0,0.643,1005968.0,3.64,3.65,4.36,2.85,6641.02001953125,1139500.0,1215.5799560546875,1500.0,24663.80078125,7441950000.0,7138.7998046875,4900650000.0,17.829999923706055,0.0,98.62000274658205,0.0,62.66428756713867,20628900.0,1299782.625,3002713.0,47.060001373291016,32313490.0,6641.02,1139472.0,1215.58,1527372.0,54.08,55.17,54.05,3874.0,3532.0,6641.02,212.8934704525744,157.29758286431561,119.43653504768386,114.44034352152457,87.4877362999625,99.9290711388261,132.55482136642348,505.89695357138754,300.1275539373368,212.89346382809572,157.29758407846893,87.4877362999625
2026-04-29,6690.89990234375,214.49248706846927,24673.240234375,119.48224639541951,5717274.0,-0.020000000000000018,98.91999816894533,100.23304865928608,62.36583709716797,131.92350406801316,119.0975,-6071.0,-531115.0,18.809999465942383,55.57,214.804793196753,True,True,False,False,6699950.0,0.747,981929.0,3.63,3.65,4.42,2.82,6690.89990234375,717900.0,1220.260009765625,1300.0,24673.240234375,8147470000.0,7135.9501953125,5123100000.0,18.809999465942383,0.0,98.91999816894533,0.0,62.36583709716797,21066100.0,1292783.875,3001208.0,47.400001525878906,33023081.0,6690.9,717859.0,1220.26,1255886.0,55.8,56.0,55.26,-7610.0,4771.0,6690.9,214.49248706846927,157.90318773032126,119.48224639541951,114.3946621346389,92.29637016940308,100.23304865928608,131.92350406801316,503.17292400236033,302.2959222152103,214.49248415565765,157.90318197699247,92.29637016940308
2026-04-30,6598.8701171875,211.54225648803177,24892.310546875,120.54311285671142,5709760.0,0.010000000000000231,98.08000183105467,99.38190232519881,63.65911865234375,134.65920429183114,118.671,-14559.0,-545674.0,16.889999389648438,54.34,210.0502512562814,True,True,False,False,6699950.0,8.261,981929.0,3.66,3.65,4.4,2.83,6598.8701171875,685500.0,1192.3499755859375,1400.0,24892.310546875,8139190000.0,7209.009765625,5723790000.0,16.889999389648438,0.0,98.08000183105467,0.0,63.65911865234375,32197000.0,1285785.0,3342342.0,47.59999847412109,27658415.0,6598.87,685459.0,1192.35,1386410.0,55.12,55.5,54.01,-18199.0,2838.0,6598.87,211.54225648803177,154.29159402785996,120.54311285671142,115.565862133637,82.87536842574195,99.38190232519881,134.65920429183114,500.44884578126016,303.5714129317261,211.542246771024,154.29159280011388,82.87536842574195
2026-05-01,,,25114.439453125,121.61879081615233,5717414.0,-0.009999999999999787,98.20999908447266,99.51362514433156,63.79838943481445,134.95380612022004,118.3926,,-545674.0,16.989999771118164,,,False,True,False,False,6699950.0,0.607,981929.0,3.64,3.65,4.39,2.77,,,,,25114.439453125,7534290000.0,7230.1201171875,4847390000.0,16.989999771118164,0.0,98.20999908447266,0.0,63.79838943481445,22489200.0,,,,,,,,,,,,,,,,,121.61879081615233,115.90427698638106,83.36604745217801,99.51362514433156,134.95380612022004,,,,,83.36604745217801
2026-05-04,6936.990234375,222.3814897633681,25067.80078125,121.39293911481153,5717403.0,-0.020000000000000018,98.47000122070312,99.77707851326305,63.7685432434082,134.89067196959104,118.8264,29308.0,-516366.0,18.290000915527344,55.87,215.96443757247778,True,True,False,False,6699950.0,0.618,981929.0,3.63,3.65,4.45,2.78,6936.990234375,873000.0,1213.739990234375,1176100.0,25067.80078125,7849180000.0,7200.75,5215480000.0,18.290000915527344,0.0,98.47000122070312,0.0,63.7685432434082,19751800.0,1446758.125,5776641.0,58.540000915527344,58431031.0,6936.99,873009.0,1213.74,1176129.0,54.99,56.35,54.99,5081.0,20098.0,6936.99,222.3814897633681,157.05948896136292,121.39293911481153,115.43345186280804,89.74485607799878,99.77707851326305,134.89067196959104,563.1022556499804,373.34183530726074,222.38147598424064,157.0594857593913,89.74485607799878
2026-05-05,,,25326.130859375,122.6439243017055,5716899.0,-0.029999999999999805,98.4800033569336,99.78721341647821,65.06182861328125,137.6263802627023,118.6207,,-516366.0,17.3799991607666,,,False,True,False,False,6699950.0,1.122,981929.0,3.62,3.65,4.43,2.77,,,,,25326.130859375,8090030000.0,7259.22021484375,5279760000.0,17.3799991607666,0.0,98.4800033569336,0.0,65.06182861328125,18701000.0,,,60.0,20834304.0,,,,,,,,,,,,,122.6439243017055,116.37077349327349,85.27968536046224,99.78721341647821,137.6263802627023,,382.6530537770125,,,85.27968536046224
2026-05-06,7384.56005859375,236.72939006596408,25838.939453125,125.12724315930579,5830111.0,-0.040000000000000036,98.0199966430664,99.32110063657397,67.1410140991211,142.0245162882316,118.0982,31085.0,-485281.0,17.389999389648438,60.07,232.19945883262466,True,True,False,False,6709505.0,1.633,877761.0,3.61,3.65,4.36,2.75,7384.56005859375,995700.0,1210.1700439453125,1400.0,25838.939453125,8864150000.0,7365.1201171875,6579640000.0,17.389999389648438,0.0,98.0199966430664,0.0,67.1410140991211,35376400.0,1600732.375,6631934.0,71.9000015258789,70704920.0,7384.56,995692.0,1210.17,1432966.0,55.48,64.83,54.57,6754.0,-22894.0,7384.56,236.72939006596408,156.59753339897645,125.12724315930579,118.06842877633059,85.32875419899824,99.32110063657397,142.0245162882316,623.0315872976005,458.545919174157,236.72938151765882,156.59752325987657,85.32875419899824
2026-05-07,7490.0498046875,240.111111258945,25806.19921875,124.96869581353856,5830971.0,-0.04999999999999982,98.25,99.55415702652608,66.24566650390625,140.13057246229403,118.0116,-66987.0,-552268.0,17.079999923706055,61.05,235.98763045999226,True,True,False,False,6709505.0,0.773,877761.0,3.6,3.65,4.41,2.79,7490.0498046875,767500.0,1199.1800537109375,1400.0,25806.19921875,9118880000.0,7337.10986328125,6237040000.0,17.079999923706055,0.0,98.25,0.0,66.24566650390625,34734700.0,1653723.5,5860618.0,76.87999725341797,54793939.0,7490.05,767462.0,1199.18,1420113.0,60.71,62.3,59.38,-20626.0,8917.0,7490.05,240.111111258945,155.17541477077833,124.96869581353856,117.61940328649243,83.80765764007806,99.55415702652608,140.13057246229403,643.6566119657219,490.30609538981196,240.1111107549184,155.17540340842922,83.80765764007806
2026-05-08,7498.0,240.36597341353513,26247.080078125,127.1036985521524,5830957.0,-0.04999999999999982,97.83999633789062,99.13871103203157,67.58869171142578,142.97149627049367,118.0392,-52967.0,-605235.0,17.190000534057617,60.53,233.97758020873601,True,True,False,False,6709505.0,0.787,877761.0,3.6,3.65,4.38,2.81,7498.0,523100.0,1207.719970703125,1200.0,26247.080078125,9577150000.0,7398.93017578125,5302740000.0,17.190000534057617,0.0,97.83999633789062,0.0,67.58869171142578,27606300.0,1685718.125,4278087.0,78.4800033569336,69466508.0,7498.0,523091.0,1207.72,1233834.0,59.05,60.82,58.28,-22620.0,12542.0,7498.0,240.36597341353513,156.28049082442837,127.1036985521524,118.61042950835994,84.34740550505012,99.13871103203157,142.97149627049367,656.1094506226158,500.51021574934725,240.36596664112767,156.2804901719743,84.34740550505012
2026-05-11,7822.240234375,250.7602544958744,26274.130859375,127.23469424140113,5830611.0,-0.04999999999999982,97.94000244140624,99.24004460285094,67.53894805908203,142.866272686112,118.0562,-28147.0,-633382.0,18.3799991607666,65.6,253.5755701584847,True,True,False,False,6709505.0,1.133,877761.0,3.6,3.65,4.42,2.79,7822.240234375,731300.0,1207.3399658203125,1300.0,26274.130859375,11989910000.0,7412.83984375,5821910000.0,18.3799991607666,0.0,97.94000244140624,0.0,67.53894805908203,14667100.0,1879685.625,7433039.0,97.0,95071872.0,7822.24,731279.0,1207.34,1319086.0,60.14,67.31,60.14,-10858.0,-458.0,7822.24,250.7602544958744,156.2313177122482,127.23469424140113,118.83341197378346,90.18645690697483,99.24004460285094,142.866272686112,731.6048184283349,618.6224369395036,250.76023991716383,156.23131769303433,90.18645690697483
2026-05-12,7643.14990234375,245.01909392136855,26088.19921875,126.33430459306827,5830545.0,-0.04999999999999982,98.29000091552734,99.59468890872064,65.47965240478516,138.51020995574882,118.5238,-56090.0,-689472.0,17.989999771118164,70.14,271.12485504445306,True,True,False,False,6709505.0,1.199,877761.0,3.6,3.65,4.46,2.82,7643.14990234375,1021100.0,1179.2900390625,1500.0,26088.19921875,9631840000.0,7400.9599609375,5624790000.0,17.989999771118164,0.0,98.29000091552734,0.0,65.47965240478516,37773400.0,1834693.25,9160593.0,91.9800033569336,91029297.0,7643.15,1021136.0,1179.29,1517367.0,67.23,71.91,64.36,-18592.0,-12138.0,7643.15,245.01909392136855,152.6016217333467,126.33430459306827,118.64296849487188,88.2728189986906,99.59468890872064,138.51020995574882,714.0930399134917,586.607152849175,245.01909014845756,152.6016123397042,88.2728189986906
2026-05-13,7844.009765625,251.4581278713962,26402.33984375,127.85555705940499,5886199.0,-0.06000000000000005,98.4800033569336,99.78721341647821,66.86246490478516,141.43529649286728,118.4737,-37227.0,-726699.0,17.8700008392334,76.16,294.3950521839969,True,True,False,False,6728502.0,3.719,838584.0,3.59,3.65,4.46,2.82,7844.009765625,738700.0,1176.9300537109375,1100.0,26402.33984375,9734720000.0,7444.25,5716600000.0,17.8700008392334,0.0,98.4800033569336,0.0,66.86246490478516,26065400.0,1975669.625,7126921.0,105.5999984741211,75586612.0,7844.01,738739.0,1176.93,1132221.0,75.28,79.1,73.31,-19031.0,16876.0,7844.01,251.4581278713962,152.29623664572082,127.85555705940499,119.33694046171703,87.68401165410651,99.78721341647821,141.43529649286728,768.9633830510894,673.4693649161717,251.45812829990288,152.29622536523507,87.68401165410651
2026-05-14,7981.41015625,255.86281960785632,26635.220703125,128.98330225850756,5887884.0,-0.08999999999999986,98.87999725341795,100.19251677709151,67.03158569335938,141.79304054117844,118.6696,-21450.0,-748149.0,17.260000228881836,72.91,281.83223811364513,True,True,False,False,6728502.0,2.034,838584.0,3.56,3.65,4.47,2.76,7981.41015625,849900.0,1191.0899658203125,1000.0,26635.220703125,9860060000.0,7501.240234375,5267050000.0,17.260000228881836,0.0,98.87999725341795,0.0,67.03158569335938,21184400.0,1969670.625,6040068.0,105.0,40863947.0,7981.41,849942.0,1191.09,993503.0,72.02,74.99,70.8,19392.0,1927.0,7981.41,255.86281960785632,154.12854717147587,128.98330225850756,120.25053688936369,84.69087801587817,100.19251677709151,141.79304054117844,766.6284727621673,669.6428441097719,255.862807389859,154.12854721204985,84.69087801587817
2026-05-15,7493.18017578125,240.21146264532734,26225.140625,126.99745490035956,5889271.0,-0.10000000000000009,99.2699966430664,100.58769296515572,64.73352813720703,136.9319207443697,119.2825,-56039.0,-804188.0,18.43000030517578,74.71,288.79010436799376,True,True,False,False,6728502.0,0.647,838584.0,3.55,3.65,4.59,2.8,7493.18017578125,885600.0,1129.8199462890625,1100.0,26225.140625,9584430000.0,7408.5,5582070000.0,18.43000030517578,0.0,99.2699966430664,0.0,64.73352813720703,34830900.0,1818695.875,7485233.0,90.91999816894533,113990364.0,7493.18,885627.0,1129.82,1093008.0,70.55,75.93,67.01,-10287.0,-17347.0,7493.18,240.21146264532734,146.20012919591537,126.99745490035956,118.7638410062304,90.43180109965485,100.58769296515572,136.9319207443697,707.8665962590084,579.8469158124552,240.21145024219325,146.20013198928555,90.43180109965485
2026-05-18,7516.0400390625,240.94428917102726,26090.73046875,126.34656238463987,5882725.0,-0.1200000000000001,98.97000122070312,100.28371544469576,64.63404846191406,136.7214897141929,119.0574,-36492.0,-840680.0,17.81999969482422,74.05,286.23888674139926,True,True,False,False,6728502.0,7.193,838584.0,3.53,3.65,4.61,2.83,7516.0400390625,566600.0,1111.0899658203125,955300.0,26090.73046875,10327940000.0,7403.0498046875,5489500000.0,17.81999969482422,0.0,98.97000122070312,0.0,64.63404846191406,37739800.0,1839692.375,6481608.0,90.54000091552734,64158715.0,7516.04,566618.0,1111.09,955327.0,76.81,82.23,74.05,-9849.0,13904.0,7516.04,240.94428917102726,143.7764460476736,126.34656238463987,118.67647026592579,87.43866746142649,100.28371544469576,136.7214897141929,716.0387822702359,577.4234639883341,240.94428113008553,143.77644638258775,87.43866746142649
2026-05-19,7271.66015625,233.11011893697656,25870.7109375,125.2810992515086,5877007.0,-0.14000000000000012,99.3000030517578,100.61809767480119,63.9277229309082,135.22738743961244,119.451,-57242.0,-897922.0,18.059999465942383,72.51,280.2860456126788,True,True,False,False,6728502.0,12.911,838584.0,3.51,3.65,4.67,2.86,7271.66015625,533500.0,1084.3599853515625,1103800.0,25870.7109375,9895620000.0,7353.60986328125,5441140000.0,18.059999465942383,0.0,99.3000030517578,0.0,63.9277229309082,37009400.0,1744708.25,4575855.0,81.13999938964844,82652774.0,7271.66,533509.0,1084.36,1103761.0,74.76,76.01,72.5,-9151.0,1575.0,7271.66,233.11011893697656,140.3175527870516,125.2810992515086,117.88391072748625,88.61629150951863,100.61809767480119,135.22738743961244,679.0693855796594,517.4744758318984,233.11010736004567,140.31755069294374,88.61629150951863
2026-05-20,7208.9501953125,231.09980407921887,26270.359375,127.21643051028637,5907483.0,-0.1499999999999999,99.11000061035156,100.42557316704364,65.12151336669922,137.75263242537378,119.1624,-29310.0,-927232.0,17.440000534057617,71.37,275.87939698492465,True,True,False,False,6713643.0,24.867,781293.0,3.5,3.65,4.57,2.8,7208.9501953125,492500.0,1056.0699462890625,1227100.0,26270.359375,9268370000.0,7432.97021484375,5384150000.0,17.440000534057617,0.0,99.11000061035156,0.0,65.12151336669922,32484700.0,1744708.25,5535123.0,81.81999969482422,84548873.0,7208.95,492494.0,1056.07,1227091.0,71.44,72.95,71.37,-2192.0,11070.0,7208.95,231.09980407921887,136.65678597241012,127.21643051028637,119.15611700070853,85.57409839167826,100.42557316704364,137.75263242537378,679.0693855796594,521.8112123876452,231.0997913066894,136.6567890371252,85.57409839167826
2026-05-21,7815.58984375,250.54706062868868,26293.099609375,127.32655201280787,5929069.0,-0.14000000000000012,99.19000244140624,100.50663693143271,65.68856811523438,138.95213287156534,119.369,-2212.0,-929444.0,16.760000228881836,71.33,275.72477773482797,True,True,False,False,6713643.0,3.281,781293.0,3.51,3.65,4.57,2.78,7815.58984375,621100.0,1105.969970703125,926100.0,26293.099609375,8627780000.0,7445.72021484375,5440620000.0,16.760000228881836,0.0,99.19000244140624,0.0,65.68856811523438,28726400.0,1939675.625,5096690.0,93.05999755859376,97177020.0,7815.59,621082.0,1105.97,926096.0,70.64,72.99,68.7,9430.0,29008.0,7815.59,250.54706062868868,143.11391220759236,127.32655201280787,119.36050911420378,82.23749224262187,100.50663693143271,138.95213287156534,754.9539213175566,593.4948708379538,250.54705857838502,143.1139119295022,82.23749224262187
2026-05-22,7847.7099609375,251.57674630939422,26343.970703125,127.57289957397553,5931385.0,-0.10000000000000009,99.31999969482422,100.63835975056543,65.53933715820312,138.63646211842027,119.2868,-19221.0,-948665.0,16.700000762939453,66.97,258.8712794742945,True,True,False,False,6713643.0,0.965,781293.0,3.55,3.65,4.56,2.74,7847.7099609375,435500.0,1161.1300048828125,1027900.0,26343.970703125,9265090000.0,7473.47021484375,4952440000.0,16.700000762939453,0.0,99.31999969482422,0.0,65.53933715820312,30851000.0,1940675.5,3135190.0,97.0199966430664,43923315.0,7847.71,435533.0,1161.13,1027933.0,66.86,67.38,66.25,8149.0,7583.0,7847.71,251.57674630939422,150.25169035534879,127.57289957397553,119.80536253769341,81.94308857032983,100.63835975056543,138.63646211842027,755.3430892497346,618.7499665484144,251.57674047335874,150.2516854514163,81.94308857032983
2026-05-25,,,,,5931385.0,-0.10000000000000009,,,,,119.2868,,-948665.0,16.59000015258789,,,False,True,False,False,6713643.0,0.965,781293.0,3.55,3.65,4.56,2.74,,,,,,,,,16.59000015258789,0.0,,,,,,,,,,,,,,,,,,,,,,,81.40334070535778,,,,,,,81.40334070535778
2026-05-26,8047.509765625,257.98179759527653,26656.1796875,129.0847979077009,5930563.0,-0.020000000000000018,99.16999816894533,100.48636712500243,68.04631042480469,143.93950483104555,119.1696,-1321.0,-949986.0,17.010000228881836,68.09,263.2006184770004,True,True,False,False,6713643.0,1.787,781293.0,3.63,3.65,4.5,2.72,8047.509765625,519600.0,1172.52001953125,1186400.0,26656.1796875,9718120000.0,7519.1201171875,5496060000.0,17.010000228881836,0.0,99.16999816894533,0.0,68.04631042480469,25457000.0,2051656.875,4903591.0,108.5999984741211,65103597.0,8047.51,519551.0,1172.52,1186406.0,69.82,70.29,68.08,-13857.0,8168.0,8047.51,257.98179759527653,151.72557264837647,129.0847979077009,120.53716489227301,83.46418512925001,100.48636712500243,143.93950483104555,798.5388809427214,692.6020176050223,257.9817978399762,151.72556580701098,83.46418512925001
2026-05-27,8228.7001953125,263.79028172505144,26674.73046875,129.17463163019076,5872234.0,-0.020000000000000018,99.20999908447266,100.52689900719696,68.03636169433594,143.9184601141692,119.1829,-2493.0,-952479.0,16.290000915527344,70.78,273.59876304599925,True,True,False,False,6704383.0,1.853,830296.0,3.63,3.65,4.48,2.71,8228.7001953125,619500.0,1133.1300048828125,1229000.0,26674.73046875,9240640000.0,7520.35986328125,5524250000.0,16.290000915527344,0.0,99.20999908447266,0.0,68.03636169433594,31991500.0,2242625.0,7545783.0,132.5,95114009.0,8228.7,619451.0,1133.13,1228979.0,67.75,74.06,67.75,-6353.0,-126.0,8228.7,263.79028172505144,146.628454962018,129.17463163019076,120.55703895692393,79.93131298497359,100.52689900719696,143.9184601141692,872.8668422560526,845.0254937575693,263.7902680314547,146.62845016110458,79.93131298497359
2026-05-28,8185.2900390625,262.3986673661471,26917.470703125,130.35012168411842,5872924.0,-0.029999999999999805,99.0199966430664,100.33437449943938,68.2552261352539,144.38142774686207,119.0318,-27414.0,-979893.0,15.739999771118164,71.6,276.7684576729803,True,True,False,False,6704383.0,1.163,830296.0,3.62,3.65,4.45,2.72,8185.2900390625,669000.0,1104.3599853515625,977700.0,26917.470703125,9224620000.0,7563.6298828125,5494860000.0,15.739999771118164,0.0,99.0199966430664,0.0,68.2552261352539,33058600.0,2289000.0,6229499.0,133.5500030517578,70008022.0,8185.29,668951.0,1104.36,977729.0,70.84,72.29,69.96,11668.0,-10422.0,8185.29,262.3986673661471,142.90557806800217,130.35012168411842,121.25068999558842,77.23258301903726,100.33437449943938,144.38142774686207,890.9167613506959,851.7219416614078,262.3986587207196,142.90557590030926,77.23258301903726
2026-05-29,8476.150390625,271.7228780264196,26972.619140625,130.61718264308064,5862410.0,-0.020000000000000018,98.91000366210938,100.22292148673696,68.24527740478516,144.36038302998574,118.8783,-10421.0,-990314.0,15.31999969482422,74.26,287.0506378044067,True,True,False,False,6704383.0,11.677,830296.0,3.63,3.65,4.45,2.72,8476.150390625,735100.0,1074.800048828125,855800.0,26972.619140625,11906000000.0,7580.06005859375,7858290000.0,15.31999969482422,0.0,98.91000366210938,0.0,68.24527740478516,32143100.0,2333000.0,8518013.0,137.64999389648438,51932190.0,8476.15,735127.0,1074.8,855811.0,71.96,75.27,71.95,8632.0,23688.0,8476.15,271.7228780264196,139.08048491670465,130.61718264308064,121.51407810170825,75.17173859514503,100.22292148673696,144.36038302998574,908.0422910577429,877.8698419479479,271.72285784811874,139.08047464382304,75.17173859514503
2026-06-01,8788.3798828125,281.7321266017813,27086.810546875,131.17016415698788,5872785.0,0.0,99.1999969482422,100.51676410398183,69.7176284790039,147.47487201899122,119.1653,-28219.0,-1018533.0,16.049999237060547,74.22,286.89601855431,True,True,False,False,6704383.0,1.302,830296.0,3.65,3.65,4.47,2.72,8788.3798828125,636200.0,1050.030029296875,835000.0,27086.810546875,10199240000.0,7599.9599609375,6583960000.0,16.049999237060547,0.0,99.1999969482422,0.0,69.7176284790039,31731100.0,2363000.0,5602897.0,144.3000030517578,52019899.0,8788.38,636175.0,1050.03,835032.0,72.27,75.14,72.27,1962.0,24427.0,8788.38,281.7321266017813,135.87521307887894,131.17016415698788,121.83308854079749,78.75367957795744,100.51676410398183,147.47487201899122,919.7187885852749,920.2806137964558,281.73212242058594,135.87520542450085,78.75367957795744
2026-06-02,8801.490234375,282.15240966594695,27093.900390625,131.2044973231953,5871585.0,-0.020000000000000018,99.22000122070312,100.5370339104121,70.43390655517578,148.9900270797413,119.0359,-63035.0,-1081568.0,15.770000457763672,73.6,284.4994201778121,True,True,False,False,6704383.0,2.502,830296.0,3.63,3.65,4.46,2.71,8801.490234375,632600.0,1026.030029296875,774800.0,27093.900390625,9675650000.0,7609.77978515625,5904410000.0,15.770000457763672,0.0,99.22000122070312,0.0,70.43390655517578,16577400.0,2360000.0,5837216.0,139.0500030517578,85245332.0,8801.49,632553.0,1026.03,774800.0,75.37,75.42,71.65,10258.0,-546.0,8801.49,282.15240966594695,132.76958274173825,131.2044973231953,121.99050772716784,77.37978953464528,100.5370339104121,148.9900270797413,918.5511388325217,886.7984715909673,282.15239420274986,132.76957517566223,77.37978953464528
2026-06-03,,,26853.98046875,130.04266487037054,5833720.0,-0.040000000000000036,99.52999877929688,100.85114633408725,69.5584487915039,147.13815654896985,119.3848,,-1081568.0,16.059999465942383,,,False,True,False,False,6711495.0,2.062,875713.0,3.61,3.65,4.49,2.75,,,,,26853.98046875,9267670000.0,7553.68017578125,5753860000.0,16.059999465942383,0.0,99.52999877929688,0.0,69.5584487915039,22147100.0,,,146.1999969482422,31994663.0,,,,,,,,,,,,,130.04266487037054,121.09118868980208,78.80274841649346,100.85114633408725,147.13815654896985,,932.3979215739131,,,78.80274841649346
2026-06-04,8639.41015625,276.9565526708206,26830.9609375,129.93119084918027,5834660.0,-0.029999999999999805,99.41000366210938,100.72955841816969,68.74269104003906,145.41257045804295,119.3615,-66663.0,-1148231.0,15.399999618530272,73.44,283.8809431774256,True,True,False,False,6711495.0,1.122,875713.0,3.62,3.65,4.47,2.74,8639.41015625,437900.0,1049.72998046875,623000.0,26830.9609375,8999970000.0,7584.31005859375,5398910000.0,15.399999618530272,0.0,99.41000366210938,0.0,68.74269104003906,21260300.0,2298000.0,3941067.0,132.5,62706688.0,8639.41,437896.0,1049.73,622960.0,73.88,74.27,73.14,-26678.0,15255.0,8639.41,276.9565526708206,135.83638638124359,129.93119084918027,121.58220880620665,75.56427994450907,100.72955841816969,145.41257045804295,894.4197106089556,845.0254937575693,276.9565398584989,135.83638504639035,75.56427994450907
2026-06-05,8160.58984375,261.6068446814587,25709.4296875,124.50008119841098,5835021.0,-0.020000000000000018,100.06999969482422,101.39831514771448,64.25601196289062,135.92182275006516,120.0831,-27638.0,-1175869.0,21.51000022888184,73.44,283.8809431774256,True,True,False,False,6711495.0,0.761,875713.0,3.63,3.65,4.55,2.76,8160.58984375,463200.0,1002.4400024414062,724400.0,25709.4296875,11550140000.0,7383.740234375,5591290000.0,21.51000022888184,0.0,100.06999969482422,0.0,64.25601196289062,56184500.0,2070000.0,5778751.0,106.9000015258789,129608322.0,8160.59,463197.0,1002.44,724352.0,73.87,73.9,72.05,-2336.0,-13809.0,8160.59,261.6068446814587,129.71700344772546,124.50008119841098,118.36692329440761,105.54465708855669,101.39831514771448,135.92182275006516,805.678329399712,681.7602005440809,261.6068423195412,129.7169994435746,105.54465708855669
2026-06-08,7484.41015625,239.9303191028514,25929.66015625,125.5665658141732,5833950.0,-0.020000000000000018,100.0500030517578,101.37805307195025,65.4100112915039,138.36289693761444,120.034,-2644.0,-1178513.0,18.920000076293945,76.63,296.21182837263234,True,True,False,False,6711495.0,1.832,875713.0,3.63,3.65,4.56,2.75,7484.41015625,452200.0,911.3900146484376,624400.0,25929.66015625,10077650000.0,7405.72998046875,4898180000.0,18.920000076293945,0.0,100.0500030517578,0.0,65.4100112915039,29088400.0,1911000.0,6610833.0,98.5999984741211,203997813.0,7484.41,452204.0,911.39,624351.0,76.09,76.63,74.77,4378.0,-17164.0,7484.41,239.9303191028514,117.93501993580328,125.5665658141732,118.71943550455075,92.83611803437513,101.37805307195025,138.36289693761444,743.7928925037919,628.8265086421868,239.93030733375863,117.93501468704306,92.83611803437513
2026-06-09,8096.93017578125,259.5660847376749,25678.8203125,124.351852718851,5835205.0,-0.04999999999999982,99.91000366210938,101.23619534960238,65.47965240478516,138.51020995574882,119.9617,-20064.0,-1198577.0,19.8700008392334,91.23,352.64785465790493,True,True,False,False,6711495.0,0.577,875713.0,3.6,3.65,4.53,2.78,8096.93017578125,448500.0,967.8099975585938,620300.0,25678.8203125,12106940000.0,7386.64990234375,6006390000.0,19.8700008392334,0.0,99.91000366210938,0.0,65.47965240478516,42106700.0,2215000.0,5878039.0,113.75,114030205.0,8096.93,448537.0,967.81,620286.0,86.55,91.23,85.56,7034.0,25048.0,8096.93,259.5660847376749,125.23583704191743,124.351852718851,118.41356746583524,97.4975547471317,101.23619534960238,138.51020995574882,862.1147341161168,725.4464144522528,259.5660717892166,125.23583379702119,97.4975547471317
2026-06-10,7730.81982421875,247.8295588600953,25169.5,121.88542615735165,5896888.0,-0.06000000000000005,99.9499969482422,101.27671950113086,64.32565307617188,136.06913576819954,119.9134,-27754.0,-1226331.0,22.21999931335449,88.35,341.515268650947,True,True,False,False,6725397.0,0.387,828122.0,3.59,3.65,4.55,2.8,7730.81982421875,460900.0,951.6300048828124,614600.0,25169.5,9519620000.0,7266.990234375,5247300000.0,22.21999931335449,0.0,99.9499969482422,0.0,64.32565307617188,37541900.0,2048000.0,151.0,98.33999633789062,121725245.0,7730.82,460877.0,951.63,614592.0,87.39,89.17,86.04,-16292.0,-22665.0,7730.82,247.8295588600953,123.14212553739156,121.88542615735165,116.49533276495126,109.02846039429706,101.27671950113086,136.06913576819954,797.1155645461884,627.1683317852346,247.82955751247832,123.14212140426248,109.02846039429706
2026-06-11,7763.9501953125,248.89163059889242,25809.66015625,124.98545569522439,5896815.0,-0.04999999999999982,99.86000061035156,101.18552856419268,67.15096282958984,142.04556100510794,120.1174,-14640.0,-1240971.0,19.440000534057617,87.3,337.4565133359103,True,True,False,False,6725397.0,0.46,828122.0,3.6,3.65,4.45,2.78,7763.9501953125,478700.0,996.9299926757812,635300.0,25809.66015625,10101910000.0,7394.2998046875,5658920000.0,19.440000534057617,0.0,99.86000061035156,0.0,67.15096282958984,41505700.0,2101000.0,6625775.0,106.0,85403229.0,7763.95,478730.0,996.93,635319.0,88.09,89.47,87.29,-18842.0,-7561.0,7763.95,248.89163059889242,129.00400121913935,124.98545569522439,118.53620116842907,95.38764148470345,101.18552856419268,142.04556100510794,817.744043511495,676.0203950060554,248.89161732507108,129.00399849894538,95.38764148470345
2026-06-12,8123.6201171875,260.4216933995132,25888.83984375,125.36889000873653,5896821.0,0.0,99.75,101.0740678208242,67.52899932861328,142.84522796923568,119.5073,22041.0,-1218930.0,17.68000030517578,89.91,347.54541940471586,True,True,False,False,6725397.0,0.454,828122.0,3.65,3.65,4.48,2.71,8123.6201171875,493400.0,1029.050048828125,644900.0,25888.83984375,10337400000.0,7431.4599609375,4950530000.0,17.68000030517578,0.0,99.75,0.0,67.52899932861328,39782800.0,2150000.0,5286416.0,106.5500030517578,130366315.0,8123.62,493406.0,1029.05,644915.0,85.31,91.94,84.86,23942.0,22870.0,8123.62,260.4216933995132,133.16037708653025,125.36889000873653,119.13190649186048,86.7517224397704,101.0740678208242,142.84522796923568,836.8156561397974,679.5280674617521,260.42168230530774,133.1603669819744,86.7517224397704
2026-06-15,8545.98046875,273.9614449378705,26683.939453125,129.21922691357037,5896694.0,0.040000000000000036,99.62999725341795,100.95247217424055,69.75,147.54334804177216,119.3158,10774.0,-1208156.0,16.200000762939453,87.85,339.5825280247391,True,True,False,False,6725397.0,0.581,828122.0,3.69,3.65,4.47,2.66,8545.98046875,516600.0,1034.030029296875,561300.0,26683.939453125,10590270000.0,7554.2900390625,5674670000.0,16.200000762939453,0.0,99.62999725341795,0.0,69.75,37751500.0,2288000.0,3872910.0,121.1999969482422,66027054.0,8545.98,516648.0,1034.03,561329.0,88.32,94.25,87.15,4115.0,4462.0,8545.98,273.9614449378705,133.8047928541185,129.21922691357037,121.10096525803722,79.48970279707353,100.95247217424055,147.54334804177216,890.5275447664447,772.9591491668245,273.96142219201704,133.8047852586084,79.48970279707353
2026-06-16,8726.599609375,279.7516150570282,26376.33984375,127.72964986696607,5886554.0,-0.020000000000000018,99.54000091552734,100.8612812373024,68.63999938964844,145.1953450829237,119.256,15353.0,-1192803.0,16.40999984741211,84.29,325.82141476613845,True,True,False,False,6725397.0,10.721,828122.0,3.63,3.65,4.43,2.71,8726.599609375,586300.0,1018.6799926757812,621200.0,26376.33984375,11132830000.0,7511.35009765625,5286210000.0,16.40999984741211,0.0,99.54000091552734,0.0,68.63999938964844,31283500.0,2382000.0,3644469.0,128.4499969482422,57353181.0,8726.6,586337.0,1018.68,621165.0,87.34,88.25,84.21,-6509.0,7076.0,8726.6,279.7516150570282,131.8184787121731,127.72964986696607,120.41260562059526,80.52012032955767,100.8612812373024,145.1953450829237,927.1139036860452,819.1963931648802,279.7516196973146,131.8184759119554,80.52012032955767
2026-06-17,8864.240234375,284.16400806974787,26021.66015625,126.01208357203397,5848883.0,-0.020000000000000018,100.08999633789062,101.41857722347874,68.55999755859375,145.02611586423865,119.3871,-9952.0,-1202755.0,18.440000534057617,79.65,307.8855817549285,True,True,False,False,6736424.0,6.828,880713.0,3.63,3.65,4.49,2.63,8864.240234375,571200.0,1031.9599609375,570800.0,26021.66015625,11443600000.0,7420.10009765625,5883740000.0,18.440000534057617,0.0,100.08999633789062,0.0,68.55999755859375,36131300.0,2521000.0,3980010.0,144.8000030517578,64527354.0,8864.24,571194.0,1031.96,570786.0,81.29,81.34,79.4,-19895.0,5957.0,8864.24,284.16400806974787,133.53692339175055,126.01208357203397,118.94979931812937,90.48086993819085,101.41857722347874,145.02611586423865,981.2150088969437,923.4693892445977,284.1639925498732,133.5369246496461,90.48086993819085
2026-06-18,9063.83984375,290.56264162541385,26517.9296875,128.41531062482863,5855460.0,-0.029999999999999805,100.8499984741211,102.18866752384292,70.79000091552734,149.74327946891785,120.3958,12776.0,-1189979.0,16.399999618530273,80.25,310.20487050637803,True,True,False,False,6736424.0,0.251,880713.0,3.62,3.65,4.46,2.66,9063.83984375,510900.0,1000.9299926757812,611800.0,26517.9296875,18286150000.0,7500.580078125,9061110000.0,16.399999618530273,0.0,100.8499984741211,0.0,70.79000091552734,49998100.0,2685000.0,5808765.0,161.0,80703358.0,9063.84,510940.0,1000.93,611803.0,77.32,82.7,77.06,-6802.0,-7682.0,9063.84,290.56264162541385,129.52160627532948,128.41531062482863,120.23995408691863,80.47105149102165,102.18866752384292,149.74327946891785,1045.046528714119,1026.7856943016502,290.56263844765516,129.52160354041848,80.47105149102165
2026-06-19,9052.419921875,290.1965492490747,,,5855460.0,-0.029999999999999805,,,,,120.3958,-3555.0,-1193534.0,,83.57,323.0382682643989,True,False,False,False,6736424.0,0.251,880713.0,3.62,3.65,4.46,2.66,9052.419921875,517200.0,966.5900268554688,882500.0,,,,,,,,,,,2764000.0,7478195.0,,,9052.42,517248.0,966.59,882519.0,81.6,84.87,79.51,4309.0,-12244.0,9052.42,290.1965492490747,125.07797129083211,,,,,,1075.7946388699534,,290.1965435771508,125.0779642593719,
2026-06-22,9114.5498046875,292.1882683422056,26166.599609375,126.71396509574933,5851786.0,-0.040000000000000036,101.0199966430664,102.36092222517019,71.20999908447266,150.63170865913443,120.5463,-25466.0,-1219000.0,17.280000686645508,87.36,337.68844221105525,True,True,False,False,6736424.0,3.925,880713.0,3.61,3.65,4.51,2.65,9114.5498046875,381100.0,968.4000244140624,631800.0,26166.599609375,12844290000.0,7472.7900390625,5976740000.0,17.280000686645508,0.0,101.0199966430664,0.0,71.20999908447266,25302200.0,2919000.0,5179795.0,187.6499938964844,75444096.0,9114.55,381081.0,968.4,631819.0,87.36,90.6,86.58,-1612.0,3034.0,9114.55,292.1882683422056,125.31218726283706,126.71396509574933,119.7944588070677,84.78901569295017,102.36092222517019,150.63170865913443,1136.123209428869,1196.7473867621254,292.1882663708842,125.31218054063847,84.78901569295017
2026-06-23,8203.83984375,262.99332485619004,25587.0390625,123.90739427631124,5849227.0,-0.029999999999999805,101.41000366210938,102.7561061439005,67.16999816894531,142.08582677857916,121.0552,-42047.0,-1261047.0,19.489999771118164,89.41,345.61267877850787,True,True,False,False,6736424.0,6.484,880713.0,3.62,3.65,4.5,2.71,8203.83984375,488700.0,891.52001953125,797400.0,25587.0390625,14631520000.0,7365.4599609375,5640530000.0,19.489999771118164,0.0,101.41000366210938,0.0,67.16999816894531,39069000.0,2555000.0,8050335.0,143.8000030517578,169051421.0,8203.84,488742.0,891.52,797432.0,87.99,89.69,85.9,58.0,-44760.0,8203.84,262.99332485619004,115.36381745102098,123.90739427631124,118.07387672788516,95.63297631845947,102.7561061439005,142.08582677857916,994.4483727614801,917.091838348314,262.9933224552079,115.36381164352541,95.63297631845947
2026-06-24,8471.01953125,271.55839629687574,25476.640625,123.37278053341633,5812415.0,-0.029999999999999805,101.61000061035156,102.95875782420714,67.25,142.25505599726418,121.412,-46546.0,-1307593.0,18.6299991607666,94.81,366.48627754155393,True,True,False,False,6735645.0,4.534,918696.0,3.62,3.65,4.41,2.76,8471.01953125,418200.0,909.3099975585938,643400.0,25476.640625,14936190000.0,7358.22021484375,5994860000.0,18.6299991607666,0.0,101.61000061035156,0.0,67.25,22973300.0,2621000.0,7487916.0,154.0,158055489.0,8471.02,418169.0,909.31,643383.0,95.32,97.78,94.19,-689.0,19095.0,8471.02,271.55839629687574,117.66586309513703,123.37278053341633,117.9578181392365,91.41314979360297,102.95875782420714,142.25505599726418,1020.1366673220507,982.1428380276653,271.55840367248936,117.66586006547703,91.41314979360297
2026-06-25,8930.2998046875,286.28170251112476,25358.599609375,122.80115696149399,5811231.0,-0.009999999999999787,101.43000030517578,102.77636821966472,67.95999908447266,143.75692900127405,121.0559,-8754.0,-1316347.0,18.88999938964844,95.09,367.56861229223034,True,True,False,False,6735645.0,5.718,918696.0,3.64,3.65,4.4,2.78,8930.2998046875,456900.0,887.8099975585938,639100.0,25358.599609375,9870860000.0,7357.490234375,5565760000.0,18.88999938964844,0.0,101.43000030517578,0.0,67.95999908447266,24474400.0,2917000.0,6790853.0,182.3999938964844,108305209.0,8930.3,456880.0,887.81,639125.0,96.47,96.47,93.49,-4021.0,33244.0,8930.3,286.28170251112476,114.88373591811516,122.80115696149399,117.94611600191742,92.68891151876714,102.77636821966472,143.75692900127405,1135.344776260367,1163.2652445566366,286.28170070622326,114.8837329675591,92.68891151876714
2026-06-26,8411.2099609375,269.6410602622519,25297.619140625,122.50585389942007,5810523.0,-0.029999999999999805,101.36000061035156,102.70543935849079,67.19000244140625,142.1281421525437,120.8866,-42906.0,-1359253.0,18.40999984741211,92.71,358.3687669114804,True,True,False,False,6735645.0,6.426,918696.0,3.62,3.65,4.38,2.83,8411.2099609375,518500.0,851.3699951171875,728800.0,25297.619140625,16594580000.0,7354.02001953125,9105600000.0,18.40999984741211,0.0,101.36000061035156,0.0,67.19000244140625,24158700.0,2673000.0,7467492.0,157.0,153265199.0,8411.21,518473.0,851.37,728780.0,92.06,94.04,89.59,7717.0,-41224.0,8411.21,269.6410602622519,110.16835354030216,122.50585389942007,117.89048584143143,90.33366342258284,102.70543935849079,142.1281421525437,1040.3759297031063,1001.2754907165161,269.6410539172472,110.16835103973915,90.33366342258284
2026-06-29,8394.650390625,269.11020440235944,25820.140625,125.03620824890731,5813403.0,-0.029999999999999805,101.11000061035156,102.45212089277445,67.43000030517578,142.63581367001223,120.9525,-77332.0,-1436585.0,17.649999618530273,96.94,374.7197526091998,True,True,False,False,6735645.0,3.546,918696.0,3.62,3.65,4.38,2.8,8394.650390625,0.0,920.5700073242188,0.0,25820.140625,9776230000.0,7440.43017578125,5794570000.0,17.649999618530273,0.0,101.11000061035156,0.0,67.43000030517578,18609700.0,2628000.0,5217788.0,146.8000030517578,94731474.0,8394.65,371223.0,920.57,576404.0,97.99,97.99,96.58,-4722.0,29327.0,8394.65,269.11020440235944,119.12292259199641,125.03620824890731,119.27570579934444,86.6045159241624,102.45212089277445,142.63581367001223,1022.861183411808,936.2244910371647,269.11018429767165,119.12291825722383,86.6045159241624
2026-06-30,8476.48046875,271.73345945477627,26213.720703125,126.94215296569983,5790049.0,0.03000000000000025,101.19000244140624,102.53318465716352,68.41000366210938,144.70883125243742,120.9248,-37992.0,-1474577.0,16.450000762939453,93.8,362.5821414766138,True,True,False,False,6735645.0,26.9,918696.0,3.68,3.65,4.44,2.75,8476.48046875,449800.0,916.1799926757812,661200.0,26213.720703125,9809990000.0,7499.35986328125,6037540000.0,16.450000762939453,0.0,101.19000244140624,0.0,68.41000366210938,20384300.0,2650000.0,5109213.0,149.0,65974790.0,8476.48,449824.0,916.18,661151.0,95.48,95.64,93.78,-29330.0,29332.0,8476.48,271.73345945477627,118.55484914730144,126.94215296569983,120.22039312293178,80.71639568370169,102.53318465716352,144.70883125243742,1031.4239482653318,950.2550835462478,271.7334367716972,118.55484672420708,80.71639568370169
2026-07-01,8303.41015625,266.18528472377506,26040.029296875,126.10103768448046,5843326.0,0.010000000000000231,101.38999938964844,102.73583633747019,66.4800033569336,140.62626914853382,121.1455,-17028.0,-1491605.0,16.59000015258789,88.67,342.7522226517201,True,True,False,False,6724564.0,1.001,880237.0,3.66,3.65,4.48,2.74,8303.41015625,468200.0,929.3499755859376,601200.0,26040.029296875,9094410000.0,7483.22998046875,5782730000.0,16.59000015258789,0.0,101.38999938964844,0.0,66.4800033569336,28146700.0,2560000.0,4277276.0,,,8303.41,468193.0,929.35,601212.0,89.9,90.26,87.72,-7088.0,-700.0,8303.41,266.18528472377506,120.25906158336002,126.10103768448046,119.96181893952178,81.40334070535778,102.73583633747019,140.62626914853382,996.3944556827354,,266.1852722149381,120.2590613232573,81.40334070535778
2026-07-02,7648.08984375,245.17745532770613,25832.669921875,125.09688242555212,5842152.0,-0.009999999999999787,100.86000061035156,102.19880242705808,65.69999694824219,138.97630847423463,120.6902,-43706.0,-1535311.0,16.149999618530273,86.41,334.0162350212601,True,True,False,False,6724564.0,2.175,880237.0,3.64,3.65,4.49,2.75,7648.08984375,505200.0,866.719970703125,560600.0,25832.669921875,9529580000.0,7483.240234375,5463520000.0,16.149999618530273,0.0,100.86000061035156,0.0,65.69999694824219,34258700.0,2187000.0,7685914.0,109.5999984741211,175241517.0,7648.09,505157.0,866.72,560644.0,86.37,87.37,83.97,-13672.0,-20825.0,7648.09,245.17745532770613,112.1546597842212,125.09688242555212,119.96198331737043,79.24435860439351,102.19880242705808,138.97630847423463,851.216669757087,698.9795685013058,245.17745342869327,112.15466038639217,79.24435860439351
2026-07-03,8088.33984375,259.2907014993931,,,5842152.0,-0.009999999999999787,,,,,120.6902,-21750.0,-1557061.0,,89.29,345.14882102821804,True,False,False,False,6724564.0,2.175,880237.0,3.64,3.65,4.49,2.74,8088.33984375,465800.0,868.4099731445312,601100.0,,,,,,,,,,,2425000.0,7984914.0,116.8000030517578,193721814.0,8088.34,465821.0,868.41,601113.0,89.11,90.96,87.63,1057.0,44079.0,8088.34,259.2907014993931,112.37334823638257,,,,,,943.8502168088412,744.8979641486584,259.2906992027339,112.37334851641457,
2026-07-06,8051.330078125,258.10426667140433,26121.16015625,126.49392071232901,5841608.0,-0.020000000000000018,100.8499984741211,102.18866752384292,67.56999969482422,142.93195673341773,120.835,-13144.0,-1570205.0,15.56999969482422,86.86,335.7557015848473,True,True,False,False,6724564.0,2.719,880237.0,3.63,3.65,4.48,2.72,8051.330078125,448700.0,847.0700073242188,535100.0,26121.16015625,7827050000.0,7537.43017578125,4971110000.0,15.56999969482422,0.0,100.8499984741211,0.0,67.56999969482422,24039300.0,2343000.0,4235360.0,108.6999969482422,91087290.0,8051.33,448691.0,847.07,535135.0,87.83,88.38,85.85,-7367.0,-14618.0,8051.33,258.10426667140433,109.61192968450307,126.49392071232901,120.83068893730817,76.39843148177317,102.18866752384292,142.93195673341773,911.9344569002535,693.2397629632803,258.10425689473334,109.61192562015556,76.39843148177317
2026-07-07,7656.31005859375,245.44097359158803,25818.689453125,125.02918082673318,5839843.0,-0.029999999999999805,101.13999938964844,102.48251787175381,65.72000122070312,139.01862384819916,120.8145,-29172.0,-1599377.0,16.1299991607666,85.69,331.23308851952066,True,True,False,False,6724564.0,4.484,880237.0,3.62,3.65,4.55,2.67,7656.31005859375,516400.0,831.22998046875,543500.0,25818.689453125,8244680000.0,7503.85009765625,5049590000.0,16.1299991607666,0.0,101.13999938964844,0.0,65.72000122070312,26285100.0,2201000.0,6351195.0,91.6999969482422,198233251.0,7656.31,516366.0,831.23,543545.0,85.78,86.27,84.5,-11071.0,-3108.0,7656.31,245.44097359158803,107.56221018685861,125.02918082673318,120.29237496559806,79.1462209273215,102.48251787175381,139.01862384819916,856.6657019366019,584.8213977264601,245.4409647978304,107.56220965592205,79.1462209273215
2026-07-08,7246.7900390625,232.31284900810456,25870.650390625,125.28080604816083,5958200.0,-0.06999999999999984,101.0500030517578,102.39132693481565,66.2300033569336,140.09743994408302,121.1307,3437.0,-1595940.0,16.899999618530273,87.9,339.77580208735986,True,True,False,False,6735609.0,3.347,774062.0,3.58,3.65,4.56,2.7,7246.7900390625,501100.0,785.0,571900.0,25870.650390625,7935740000.0,7482.7099609375,5102020000.0,16.899999618530273,0.0,101.0500030517578,0.0,66.2300033569336,20723500.0,2076000.0,6975631.0,82.73999786376953,174090158.0,7246.79,501071.0,785.0,571918.0,86.36,88.28,85.78,1261.0,-3552.0,7246.79,232.31284900810456,101.5799922773098,125.28080604816083,119.95348263434131,82.92443726427796,102.39132693481565,140.09743994408302,808.0136289052183,527.6785475345818,232.31284121035708,101.57998938909665,82.92443726427796
2026-07-09,7291.91015625,233.7592801748565,26206.890625,126.90907773643612,5955775.0,-0.1200000000000001,100.94000244140624,102.27986619144716,66.77999877929688,141.26085451072282,120.753,1343.0,-1594597.0,15.84000015258789,85.48,330.42133745651336,True,True,False,False,6735609.0,5.772,774062.0,3.53,3.65,4.54,2.7,7291.91015625,582800.0,794.0,442800.0,26206.890625,7312220000.0,7543.64013671875,4442950000.0,15.84000015258789,0.0,100.94000244140624,0.0,66.77999877929688,19566800.0,2186000.0,6261504.0,96.0,193288197.0,7291.91,582791.0,794.0,442789.0,89.64,89.64,85.31,-105.0,12884.0,7291.91,233.7592801748565,102.74460365373757,126.90907773643612,120.93023929344452,77.72326204547333,102.27986619144716,141.26085451072282,850.8274531728357,612.24488604322,233.75926857963526,102.74460073241114,77.72326204547333
2026-07-10,7475.93994140625,239.65878650269937,26281.609375,127.27090958393784,5961002.0,-0.10000000000000009,100.97000122070312,102.31026317042658,66.9000015258789,141.51469833875038,120.5046,-3228.0,-1597825.0,15.029999732971191,78.15,302.0873598763046,True,True,False,False,6735609.0,0.545,774062.0,3.55,3.65,4.56,2.69,7475.93994140625,453200.0,837.4299926757812,491000.0,26281.609375,7094480000.0,7575.39013671875,4006370000.0,15.029999732971191,0.0,100.97000122070312,0.0,66.9000015258789,18694800.0,2180000.0,4827239.0,89.4000015258789,108557475.0,7475.94,453242.0,837.43,490954.0,82.03,83.2,78.14,32633.0,11314.0,7475.94,239.65878650269937,108.36449960355856,127.27090958393784,121.43921573293264,73.74877503383485,102.31026317042658,141.51469833875038,848.4921536673294,570.153059859119,239.6587816285772,108.36449747020535,73.74877503383485
2026-07-13,6806.93017578125,218.21210958383915,25873.1796875,125.29305438155988,5960752.0,-0.04999999999999982,101.27999877929688,102.62437559410169,64.5,136.43793474830542,120.7413,-16705.0,-1614530.0,17.15999984741211,83.33,322.11055276381904,True,True,False,False,6735609.0,0.795,774062.0,3.6,3.65,4.62,2.69,6806.93017578125,474100.0,799.3599853515625,523400.0,25873.1796875,7231310000.0,7515.33984375,4729990000.0,17.15999984741211,0.0,101.27999877929688,0.0,64.5,25474800.0,1845000.0,8040043.0,59.900001525878906,304926757.0,6806.93,474085.0,799.36,523405.0,77.66,83.35,75.88,-19020.0,-22338.0,6806.93,218.21210958383915,103.438192533506,125.29305438155988,120.47656425874513,84.2001989894421,102.62437559410169,136.43793474830542,718.1045979432215,382.01530841875456,218.21209780054565,103.4381914879851,84.2001989894421
2026-07-14,6856.830078125,219.81176797275563,26107.009765625,126.4253962525018,5961269.0,-0.020000000000000018,100.94000244140624,102.27986619144716,65.66999816894531,138.91285155187438,120.4728,9565.0,-1604965.0,16.5,83.97,324.5844607653653,True,True,False,False,6735609.0,0.278,774062.0,3.63,3.65,4.58,2.72,6856.830078125,491600.0,783.97998046875,551600.0,26107.009765625,7397960000.0,7543.58984375,4836950000.0,16.5,0.0,100.94000244140624,0.0,65.66999816894531,18557800.0,1913000.0,10447011.0,65.19999694824219,406290125.0,6856.83,491599.0,783.98,551553.0,82.48,87.99,81.79,-7214.0,32117.0,6856.83,219.81176797275563,101.4480004606129,126.4253962525018,120.92943305923458,80.96173051745772,102.27986619144716,138.91285155187438,744.5713256722942,415.81629897494616,219.81175927499112,101.44800010352103,80.96173051745772
2026-07-15,7284.41015625,233.51885008675285,26269.23046875,127.2109636865762,5986659.0,-0.009999999999999787,100.5,101.83402321797325,65.56999969482422,138.70132309781138,120.3088,23031.0,-1581934.0,15.670000076293944,85.79,331.6196366447623,True,True,False,False,6743028.0,0.151,756218.0,3.64,3.65,4.55,2.71,7284.41015625,397900.0,829.4299926757812,497400.0,26269.23046875,7379560000.0,7572.39990234375,5236550000.0,15.670000076293944,0.0,100.5,0.0,65.56999969482422,30073900.0,2082000.0,6046951.0,71.77999877929688,210656339.0,7284.41,397854.0,829.43,497383.0,86.0,88.31,83.69,10428.0,1992.0,7284.41,233.51885008675285,107.32928949117834,127.2109636865762,121.3912800212658,76.88911050820921,101.83402321797325,138.70132309781138,810.3489284107247,457.7805955501363,233.5188384983058,107.32928738725916,76.88911050820921
2026-07-16,6820.60009765625,218.65033098660942,25881.94921875,125.335521576125,5986685.0,-0.029999999999999805,100.7300033569336,102.06707960792536,64.19000244140625,135.78219169913416,120.331,-13665.0,-1595599.0,16.729999542236328,87.14,336.8380363355238,True,True,False,False,6743028.0,0.125,756218.0,3.62,3.65,4.57,2.71,6820.60009765625,424300.0,791.8400268554688,525800.0,25881.94921875,8294880000.0,7533.77001953125,5365300000.0,16.729999542236328,0.0,100.7300033569336,0.0,64.19000244140625,21565700.0,1842000.0,5608812.0,56.47999954223633,192762351.0,6820.6,424280.0,791.84,525847.0,85.15,89.75,85.15,725.0,-23831.0,6820.6,218.65033098660942,102.46510039852652,125.335521576125,120.77201387286422,82.09028572701385,102.06707960792536,135.78219169913416,716.9369481904682,360.20407170268334,218.65032169544884,102.46509401001566,82.09028572701385
2026-07-17,,,25520.240234375,123.58391531833324,5986710.0,-0.06000000000000005,100.75,102.0873416836896,63.290000915527344,133.87840333539395,120.5315,,-1595599.0,18.770000457763672,,,False,True,False,False,6743028.0,0.1,756218.0,3.59,3.65,4.55,2.73,,,,,25520.240234375,7820470000.0,7457.68994140625,5303290000.0,18.770000457763672,0.0,100.75,0.0,63.290000915527344,35145100.0,,,44.79999923706055,170866004.0,,,,,,,,,,,,,123.58391531833324,119.55239285617,92.10010417418304,102.0873416836896,133.87840333539395,,285.71427528781743,,,92.10010417418304
2026-07-20,6516.27001953125,208.89431665378294,25508.0703125,123.52498144543007,5986780.0,-0.08000000000000007,100.98999786376952,102.3305252461908,63.560001373291016,134.449539844516,120.5315,5198.0,-1590401.0,18.649999618530277,86.87,335.7943563973715,True,True,False,False,6743028.0,0.03,756218.0,3.57,3.65,4.6,2.69,6516.27001953125,345800.0,749.6400146484375,528400.0,25508.0703125,7184070000.0,7443.27978515625,5152910000.0,18.649999618530277,0.0,100.98999786376952,0.0,63.560001373291016,19269600.0,1764000.0,5876444.0,52.58000183105469,190910637.0,6516.27,345825.0,749.64,528418.0,88.47,88.54,86.86,-10481.0,-9235.0,6516.27,208.89431665378294,97.00436547611554,123.52498144543007,119.32138718623008,91.511287470675,102.3305252461908,134.449539844516,686.5780546188848,335.3316378042331,208.894310141982,97.00436082247441,91.511287470675
2026-07-21,6747.9501953125,216.3213679971117,25837.2109375,125.11887267663539,5986535.0,-0.040000000000000036,101.18000030517578,102.52304975394837,65.33999633789062,138.21479312873853,120.5315,2952.0,-1587449.0,17.049999237060547,84.89,328.14070351758795,True,True,False,False,6743028.0,0.275,756218.0,3.61,3.65,4.63,2.69,6747.9501953125,391100.0,753.3400268554688,498800.0,25837.2109375,8001540000.0,7509.2001953125,5149030000.0,17.049999237060547,0.0,101.18000030517578,0.0,65.33999633789062,20839300.0,1836000.0,4639208.0,57.79999923706055,172469235.0,6747.95,391092.0,753.34,498846.0,87.07,87.07,84.73,4997.0,13744.0,6747.95,216.3213679971117,97.48315173269667,125.11887267663539,120.37814106499938,83.66045112447004,102.52304975394837,138.21479312873853,714.6016486849619,368.62243693950353,216.32135564097058,97.48314548583704,83.66045112447004
2026-07-22,,,25690.90234375,124.41036097399125,5986434.0,-0.040000000000000036,101.14099884033205,102.48353058900877,64.98999786376953,137.47443547022476,120.5315,26210.0,-1561239.0,16.639999389648438,82.79,320.02319288751454,True,True,False,False,6743028.0,0.376,756218.0,3.61,3.65,4.63,2.69,,,,,25690.90234375,6651314000.0,7498.9599609375,2989299000.0,16.639999389648438,0.0,101.14099884033205,0.0,64.98999786376953,13372110.0,1830000.0,4802637.0,,154200918.0,6797.7,368680.0,751.09,496358.0,81.78,83.29,81.78,16629.0,-13963.0,6797.7,,,124.41036097399125,120.21398238683526,81.6486755391138,102.48353058900877,137.47443547022476,712.2663491794555,,217.91620851378948,97.19199265000842,81.6486755391138
